sha256,first_seen_utc,added_utc,malware_family,classification,source,source_reference,source_confidence,verification_evidence,status
ee80ffeac68566ae72ee295f3eec983434330180fd914928fbcdb1ba3d48d940,2026-06-23T13:48:52Z,2026-09-24T00:00:00Z,Amadey / Stealc,malicious,ESET Research,https://www.welivesecurity.com/en/eset-research/eset-takes-part-operation-endgame-disrupt-amadey-stealc/,high,ESET named malware sample from Operation Endgame research,active
eb278bc0bbcef7daeb64c22eae088daf4d7ffe61d3a4132768a3271fc25e71b7,2026-06-23T13:48:52Z,2026-09-24T00:00:00Z,Amadey / Stealc,malicious,ESET Research,https://www.welivesecurity.com/en/eset-research/eset-takes-part-operation-endgame-disrupt-amadey-stealc/,high,ESET named malware sample from Operation Endgame research,active
d2886d86ef67a3550a4aadcf623aa785fddcd3af754b3035229647f186005b1c,2026-06-23T13:48:52Z,2026-09-24T00:00:00Z,Amadey / Stealc,malicious,ESET Research,https://www.welivesecurity.com/en/eset-research/eset-takes-part-operation-endgame-disrupt-amadey-stealc/,high,ESET named malware sample from Operation Endgame research,active
bd53ee882175464ead4b87f33ba64b15a6765229c2f2b1e602428c4c90c0bf3a,2026-06-23T13:48:52Z,2026-09-24T00:00:00Z,Amadey / Stealc,malicious,ESET Research,https://www.welivesecurity.com/en/eset-research/eset-takes-part-operation-endgame-disrupt-amadey-stealc/,high,ESET named malware sample from Operation Endgame research,active
ad517ac379f8b10abdcd3ee0487be625e6c0acdd796cd61998ddf2f9fc2749ea,2026-06-23T13:48:52Z,2026-09-24T00:00:00Z,Amadey / Stealc,malicious,ESET Research,https://www.welivesecurity.com/en/eset-research/eset-takes-part-operation-endgame-disrupt-amadey-stealc/,high,ESET named malware sample from Operation Endgame research,active
6ae2c88d477ead6e14d0db1d96ac47b954cda22f9115f6d6093956f7ef5de1a8,2026-06-23T13:48:52Z,2026-09-24T00:00:00Z,Amadey / Stealc,malicious,ESET Research,https://www.welivesecurity.com/en/eset-research/eset-takes-part-operation-endgame-disrupt-amadey-stealc/,high,ESET named malware sample from Operation Endgame research,active
645078ec3f30136b7c75cad0bbf088017fc0301f12118a4fe960ceae64df97d1,2026-06-23T13:48:52Z,2026-09-24T00:00:00Z,Amadey / Stealc,malicious,ESET Research,https://www.welivesecurity.com/en/eset-research/eset-takes-part-operation-endgame-disrupt-amadey-stealc/,high,ESET named malware sample from Operation Endgame research,active
46593fce8134d82587cc2800f93e29e20d59d3dd6aec109686f6f174c36585b0,2026-06-23T13:48:52Z,2026-09-24T00:00:00Z,Amadey / Stealc,malicious,ESET Research,https://www.welivesecurity.com/en/eset-research/eset-takes-part-operation-endgame-disrupt-amadey-stealc/,high,ESET named malware sample from Operation Endgame research,active
279ca42cc70c66855be5f5063e5372e3ec818b22f99047cc2a431e11168eb399,2026-06-23T13:48:52Z,2026-09-24T00:00:00Z,Amadey / Stealc,malicious,ESET Research,https://www.welivesecurity.com/en/eset-research/eset-takes-part-operation-endgame-disrupt-amadey-stealc/,high,ESET named malware sample from Operation Endgame research,active
0a6b4c9b8f1ee01bc2a5e48e5d748a66c21a621f7be9dfa3c30edcb3b65a92b1,2026-06-23T13:48:52Z,2026-09-24T00:00:00Z,Amadey / Stealc,malicious,ESET Research,https://www.welivesecurity.com/en/eset-research/eset-takes-part-operation-endgame-disrupt-amadey-stealc/,high,ESET named malware sample from Operation Endgame research,active
1a3765e8cb0055ec31693b8f82ce9744106dee08368259661600b072c6805af4,2026-09-22T23:00:00Z,2026-09-24T00:00:00Z,Atomic macOS Stealer variant,malicious,Daily-Threat-Intel / SANS Internet Storm Center,https://isc.sans.edu/diary.html?storyid=33360,high,SANS ISC observed this hash in the September 22 Macfinger ClickFix infection chain and post-infection traffic.,active
6606a5f18184b224a56c9cb658fa26f7fce45099da548a30a8db2c5f2c70377c,2026-09-22T23:00:00Z,2026-09-24T00:00:00Z,Atomic macOS Stealer variant,malicious,Daily-Threat-Intel / SANS Internet Storm Center,https://isc.sans.edu/diary.html?storyid=33360,high,SANS ISC observed this hash in the September 22 Macfinger ClickFix infection chain and post-infection traffic.,active
9d87b41c2b29ccbeac851b98f1a7dce4ab4781fec0cbc55fa6f93a6299a3d564,2026-09-22T23:00:00Z,2026-09-24T00:00:00Z,Atomic macOS Stealer variant,malicious,Daily-Threat-Intel / SANS Internet Storm Center,https://isc.sans.edu/diary.html?storyid=33360,high,SANS ISC observed this hash in the September 22 Macfinger ClickFix infection chain and post-infection traffic.,active
b68cdb1b46502fbce67ce3f8110682936d06afd2116af096e30abd4c8376b6dc,2026-09-22T23:00:00Z,2026-09-24T00:00:00Z,Atomic macOS Stealer variant,malicious,Daily-Threat-Intel / SANS Internet Storm Center,https://isc.sans.edu/diary.html?storyid=33360,high,SANS ISC observed this hash in the September 22 Macfinger ClickFix infection chain and post-infection traffic.,active
457ed02b0a63ccf872e8459c91e2d1d6844a75414358849333f518cc538055b7,2026-09-25T06:45:47Z,2026-09-25T16:01:51Z,Macfinger information stealer,malicious,Daily-Threat-Intel / SANS Internet Storm Center,https://isc.sans.edu/diary.html?storyid=33368,high,SANS Internet Storm Center observed this Macfinger ClickFix payload hash in the current infection-chain report (x86_64 payload hash.),active
5a2242b862ef52fe7a08af596198412a7676c948bcd64a25ce5d2e6d4b35c6fb,2026-09-25T06:45:47Z,2026-09-25T16:01:51Z,Macfinger information stealer,malicious,Daily-Threat-Intel / SANS Internet Storm Center,https://isc.sans.edu/diary.html?storyid=33368,high,SANS Internet Storm Center observed this Macfinger ClickFix payload hash in the current infection-chain report (arm64 payload hash.),active
c6da028e0a8a25a35efa28ba508a556d1b53d1e61113c0aaebf31a49a5668912,2026-09-25T06:45:47Z,2026-09-25T16:01:51Z,Macfinger information stealer,malicious,Daily-Threat-Intel / SANS Internet Storm Center,https://isc.sans.edu/diary.html?storyid=33368,high,SANS Internet Storm Center observed this Macfinger ClickFix payload hash in the current infection-chain report (Shell-script loader hash.),active
3b29e01f6874a49c25da7227bf3175442ceb77134591a271bb4ea97669d41d1a,2026-09-26T12:00:00Z,2026-09-27T16:00:18Z,Akira ransomware,malicious,Daily-Threat-Intel / Ransom-DB Intelligence Team,https://www.ransom-db.com/blog/weekly-ransomware-trends-the-gentlemen-qilin-metaencryptor-september-2026,high,Ransom-DB identified this SHA-256 as an Akira variant executing PowerShell-based security-service termination during current ransomware activity.,active
74eca3973ad72a6ddc9397aff8250d9ee287211fc9a055d5ee290d01cf76a70c,2026-09-25T12:00:00Z,2026-09-28T16:01:11Z,Kothamine Agent,malicious,Daily-Threat-Intel / Malwarebytes Labs,https://www.malwarebytes.com/blog/threat-intel/2026/09/kothamine-malware-uses-tailscales-tailcat-to-evade-network-detection;https://mondoo.com/vulnerability-intelligence/vulnerability/MAL-2026-10217,high,"Malwarebytes directly identified this SHA-256 as the Kothamine Agent sample; its report documents a Windows RAT linked to malicious npm packages, remote command execution, browser-data theft in some builds, and encrypted tailcat C2. Mondoo MAL-2026-10217 independently confirms the malicious dotnet-runtime-base delivery chain that fetches and executes the associated npm-sc-legit.exe.",active
ec4219a7ecf132c29080fbb20e4ab410c57faa85aeed7acade1eb15d905a6ee0,2026-09-25T12:00:00Z,2026-09-28T16:01:11Z,Kothamine Injector,malicious,Daily-Threat-Intel / Malwarebytes Labs,https://www.malwarebytes.com/blog/threat-intel/2026/09/kothamine-malware-uses-tailscales-tailcat-to-evade-network-detection;https://mondoo.com/vulnerability-intelligence/vulnerability/MAL-2026-10217,high,"Malwarebytes directly identified this SHA-256 as the Kothamine Injector sample and documented Defender-exclusion changes, scheduled-task persistence, process injection, and malicious npm-package delivery. Mondoo MAL-2026-10217 independently confirms the related npm install chain that downloads and launches the attacker-controlled executable.",active
95dff799b2fffe128fb5e8f3bae0a0ec5bc5b181567165ac50860beac9230fcf,2026-09-17T16:26:24Z,2026-09-28T16:01:11Z,SparroWocky,malicious,ESET Research / ESET malware-ioc,https://www.welivesecurity.com/en/eset-research/beware-sparrowock-backdoor-bites-commands-catch/;https://github.com/eset/malware-ioc/blob/master/famoussparrow/samples.sha256;https://github.com/eset/malware-ioc/commit/17baf44964a77368e9149f4f593eb098beddf1c5,high,ESET Research identifies SparroWocky as FamousSparrow's active modular C++ backdoor deployed against government targets in Latin America. The 2026-09-17 ESET malware-ioc commit adds this exact SHA-256 to the FamousSparrow sample set and maps the corresponding samples to ESET Agent detections in the IOC README.,active
b87247a9ab8994e18486970c8c393593143b8775d75305b8b244c58a1294790c,2026-09-17T16:26:24Z,2026-09-28T16:01:11Z,SparroWocky,malicious,ESET Research / ESET malware-ioc,https://www.welivesecurity.com/en/eset-research/beware-sparrowock-backdoor-bites-commands-catch/;https://github.com/eset/malware-ioc/blob/master/famoussparrow/samples.sha256;https://github.com/eset/malware-ioc/commit/17baf44964a77368e9149f4f593eb098beddf1c5,high,ESET Research identifies SparroWocky as FamousSparrow's active modular C++ backdoor deployed against government targets in Latin America. The 2026-09-17 ESET malware-ioc commit adds this exact SHA-256 to the FamousSparrow sample set and maps the corresponding samples to ESET Agent detections in the IOC README.,active
e0b6f8535e19f0a4938e3317de0c4493ecea17aa906fd0454805ba2086cbf3a8,2026-09-17T16:26:24Z,2026-09-28T16:01:11Z,SparroWocky,malicious,ESET Research / ESET malware-ioc,https://www.welivesecurity.com/en/eset-research/beware-sparrowock-backdoor-bites-commands-catch/;https://github.com/eset/malware-ioc/blob/master/famoussparrow/samples.sha256;https://github.com/eset/malware-ioc/commit/17baf44964a77368e9149f4f593eb098beddf1c5,high,ESET Research identifies SparroWocky as FamousSparrow's active modular C++ backdoor deployed against government targets in Latin America. The 2026-09-17 ESET malware-ioc commit adds this exact SHA-256 to the FamousSparrow sample set and maps the corresponding samples to ESET Agent detections in the IOC README.,active
72677119b8bf3e2d23f22150c7b364fea9248819c36e97db015414586285591d,2026-09-17T16:26:24Z,2026-09-28T16:01:11Z,SparroWocky,malicious,ESET Research / ESET malware-ioc,https://www.welivesecurity.com/en/eset-research/beware-sparrowock-backdoor-bites-commands-catch/;https://github.com/eset/malware-ioc/blob/master/famoussparrow/samples.sha256;https://github.com/eset/malware-ioc/commit/17baf44964a77368e9149f4f593eb098beddf1c5,high,ESET Research identifies SparroWocky as FamousSparrow's active modular C++ backdoor deployed against government targets in Latin America. The 2026-09-17 ESET malware-ioc commit adds this exact SHA-256 to the FamousSparrow sample set and maps the corresponding samples to ESET Agent detections in the IOC README.,active
3c771cf5f74a62a0c0d825f99dbe322ec261b4cc988006ada3a4b829b09ba43e,2026-09-17T16:26:24Z,2026-09-28T16:01:11Z,SparroWocky,malicious,ESET Research / ESET malware-ioc,https://www.welivesecurity.com/en/eset-research/beware-sparrowock-backdoor-bites-commands-catch/;https://github.com/eset/malware-ioc/blob/master/famoussparrow/samples.sha256;https://github.com/eset/malware-ioc/commit/17baf44964a77368e9149f4f593eb098beddf1c5,high,ESET Research identifies SparroWocky as FamousSparrow's active modular C++ backdoor deployed against government targets in Latin America. The 2026-09-17 ESET malware-ioc commit adds this exact SHA-256 to the FamousSparrow sample set and maps the corresponding samples to ESET Agent detections in the IOC README.,active
3029809c3b3880bd58184857c7b434219e571af3e781ed3ef89d73a5d4a18d5c,2026-09-29T16:17:00Z,2026-09-29T16:20:00Z,Mirai,malicious,MalwareBazaar / abuse.ch,https://bazaar.abuse.ch/sample/3029809c3b3880bd58184857c7b434219e571af3e781ed3ef89d73a5d4a18d5c/;https://bazaar.abuse.ch/browse/,high,MalwareBazaar record dated 2026-09-29T16:17:00Z identifies the exact SHA-256 with the named Mirai family signature and malware tags; abuse.ch describes MalwareBazaar as vetted malware-only data excluding benign files and PUP/PUA and available for free commercial and non-commercial use.,active
870b29bdbbedbe496ee41b93306ddb452fbf407a97e65da39e231818efff4dbc,2026-09-29T16:17:00Z,2026-09-29T16:20:00Z,Mirai,malicious,MalwareBazaar / abuse.ch,https://bazaar.abuse.ch/sample/870b29bdbbedbe496ee41b93306ddb452fbf407a97e65da39e231818efff4dbc/;https://bazaar.abuse.ch/browse/,high,MalwareBazaar record dated 2026-09-29T16:17:00Z identifies the exact SHA-256 with the named Mirai family signature and malware tags; abuse.ch describes MalwareBazaar as vetted malware-only data excluding benign files and PUP/PUA and available for free commercial and non-commercial use.,active
790d57f1dfe8de58499518e2c25848aaa2424989e2186d960f6ddf95487b02ab,2026-09-29T15:24:00Z,2026-09-29T16:20:00Z,Mirai,malicious,MalwareBazaar / abuse.ch,https://bazaar.abuse.ch/sample/790d57f1dfe8de58499518e2c25848aaa2424989e2186d960f6ddf95487b02ab/;https://bazaar.abuse.ch/browse/,high,MalwareBazaar record dated 2026-09-29T15:24:00Z identifies the exact SHA-256 with the named Mirai family signature and malware tags; abuse.ch describes MalwareBazaar as vetted malware-only data excluding benign files and PUP/PUA and available for free commercial and non-commercial use.,active
d09d7b9ca0fc9af0bd3fa32a05813f026753c54ee9f2a311180a3eaf65047e8b,2026-09-29T15:24:00Z,2026-09-29T16:20:00Z,Mirai,malicious,MalwareBazaar / abuse.ch,https://bazaar.abuse.ch/sample/d09d7b9ca0fc9af0bd3fa32a05813f026753c54ee9f2a311180a3eaf65047e8b/;https://bazaar.abuse.ch/browse/,high,MalwareBazaar record dated 2026-09-29T15:24:00Z identifies the exact SHA-256 with the named Mirai family signature and malware tags; abuse.ch describes MalwareBazaar as vetted malware-only data excluding benign files and PUP/PUA and available for free commercial and non-commercial use.,active
69218215be1d8f2bffebf504a3304dc96fd269ee3627628e86e015933c3d5099,2026-09-29T15:17:00Z,2026-09-29T16:20:00Z,Mirai,malicious,MalwareBazaar / abuse.ch,https://bazaar.abuse.ch/sample/69218215be1d8f2bffebf504a3304dc96fd269ee3627628e86e015933c3d5099/;https://bazaar.abuse.ch/browse/,high,MalwareBazaar record dated 2026-09-29T15:17:00Z identifies the exact SHA-256 with the named Mirai family signature and malware tags; abuse.ch describes MalwareBazaar as vetted malware-only data excluding benign files and PUP/PUA and available for free commercial and non-commercial use.,active
4d05c67d9235eea9468d90ec4cfb65084577d604dc56949ab608f4b9a388e3c8,2026-09-29T14:17:00Z,2026-09-29T16:20:00Z,Mirai,malicious,MalwareBazaar / abuse.ch,https://bazaar.abuse.ch/sample/4d05c67d9235eea9468d90ec4cfb65084577d604dc56949ab608f4b9a388e3c8/;https://bazaar.abuse.ch/browse/,high,MalwareBazaar record dated 2026-09-29T14:17:00Z identifies the exact SHA-256 with the named Mirai family signature and malware tags; abuse.ch describes MalwareBazaar as vetted malware-only data excluding benign files and PUP/PUA and available for free commercial and non-commercial use.,active
8930320fe13e4d8fe414aee6e63f7e4330f5b2fb7d22a8323e4234109b766bac,2026-09-29T14:12:00Z,2026-09-29T16:20:00Z,Mirai,malicious,MalwareBazaar / abuse.ch,https://bazaar.abuse.ch/sample/8930320fe13e4d8fe414aee6e63f7e4330f5b2fb7d22a8323e4234109b766bac/;https://bazaar.abuse.ch/browse/,high,MalwareBazaar record dated 2026-09-29T14:12:00Z identifies the exact SHA-256 with the named Mirai family signature and malware tags; abuse.ch describes MalwareBazaar as vetted malware-only data excluding benign files and PUP/PUA and available for free commercial and non-commercial use.,active
97dfd5a49df4d96be02f24f11bd2cd50ee60f6c75d5881322342ef6694d89e01,2026-09-29T14:24:00Z,2026-09-29T16:20:00Z,Mirai,malicious,MalwareBazaar / abuse.ch,https://bazaar.abuse.ch/sample/97dfd5a49df4d96be02f24f11bd2cd50ee60f6c75d5881322342ef6694d89e01/;https://bazaar.abuse.ch/browse/,high,MalwareBazaar record dated 2026-09-29T14:24:00Z identifies the exact SHA-256 with the named Mirai family signature and malware tags; abuse.ch describes MalwareBazaar as vetted malware-only data excluding benign files and PUP/PUA and available for free commercial and non-commercial use.,active
c63927180770c605bfc6b7c69b1198fe57cba36a08fc9799e6f0325468dd0584,2026-09-29T12:20:00Z,2026-09-29T16:20:00Z,Mirai,malicious,MalwareBazaar / abuse.ch,https://bazaar.abuse.ch/sample/c63927180770c605bfc6b7c69b1198fe57cba36a08fc9799e6f0325468dd0584/;https://bazaar.abuse.ch/browse/,high,MalwareBazaar record dated 2026-09-29T12:20:00Z identifies the exact SHA-256 with the named Mirai family signature and malware tags; abuse.ch describes MalwareBazaar as vetted malware-only data excluding benign files and PUP/PUA and available for free commercial and non-commercial use.,active
6eb93335fb25d5301ec8a84980765a56746297166f79baadb26d3e7159bd06a8,2026-09-29T12:19:00Z,2026-09-29T16:20:00Z,Mirai,malicious,MalwareBazaar / abuse.ch,https://bazaar.abuse.ch/sample/6eb93335fb25d5301ec8a84980765a56746297166f79baadb26d3e7159bd06a8/;https://bazaar.abuse.ch/browse/,high,MalwareBazaar record dated 2026-09-29T12:19:00Z identifies the exact SHA-256 with the named Mirai family signature and malware tags; abuse.ch describes MalwareBazaar as vetted malware-only data excluding benign files and PUP/PUA and available for free commercial and non-commercial use.,active
199d3bca7dba47b07741181c6943ced79fb758640177cc6d114d916d0cfc3874,2026-09-29T13:17:00Z,2026-09-29T16:20:00Z,Mirai,malicious,MalwareBazaar / abuse.ch,https://bazaar.abuse.ch/sample/199d3bca7dba47b07741181c6943ced79fb758640177cc6d114d916d0cfc3874/;https://bazaar.abuse.ch/browse/,high,MalwareBazaar record dated 2026-09-29T13:17:00Z identifies the exact SHA-256 with the named Mirai family signature and malware tags; abuse.ch describes MalwareBazaar as vetted malware-only data excluding benign files and PUP/PUA and available for free commercial and non-commercial use.,active
45cf579fb67411276d6ddc41f7aaa4c19098621c90ee3295dea8c06b433efc37,2026-09-29T15:31:00Z,2026-09-29T16:20:00Z,ValleyRAT,malicious,MalwareBazaar / abuse.ch,https://bazaar.abuse.ch/sample/45cf579fb67411276d6ddc41f7aaa4c19098621c90ee3295dea8c06b433efc37/;https://bazaar.abuse.ch/browse/,high,MalwareBazaar record dated 2026-09-29T15:31:00Z identifies the exact SHA-256 with the named ValleyRAT family signature and malware tags; abuse.ch describes MalwareBazaar as vetted malware-only data excluding benign files and PUP/PUA and available for free commercial and non-commercial use.,active
f61305f2ea34804e69e91ab5f9f2a09fe673183ef3473437a0b5ddd6d5172f93,2026-09-29T15:29:00Z,2026-09-29T16:20:00Z,ValleyRAT,malicious,MalwareBazaar / abuse.ch,https://bazaar.abuse.ch/sample/f61305f2ea34804e69e91ab5f9f2a09fe673183ef3473437a0b5ddd6d5172f93/;https://bazaar.abuse.ch/browse/,high,MalwareBazaar record dated 2026-09-29T15:29:00Z identifies the exact SHA-256 with the named ValleyRAT family signature and malware tags; abuse.ch describes MalwareBazaar as vetted malware-only data excluding benign files and PUP/PUA and available for free commercial and non-commercial use.,active
7cdf9789262be312b6500f429122c26d373a00e9308dab49f2ccd853dcba5552,2026-09-29T15:11:00Z,2026-09-29T16:20:00Z,VShell,malicious,MalwareBazaar / abuse.ch,https://bazaar.abuse.ch/sample/7cdf9789262be312b6500f429122c26d373a00e9308dab49f2ccd853dcba5552/;https://bazaar.abuse.ch/browse/,high,MalwareBazaar record dated 2026-09-29T15:11:00Z identifies the exact SHA-256 with the named VShell family signature and malware tags; abuse.ch describes MalwareBazaar as vetted malware-only data excluding benign files and PUP/PUA and available for free commercial and non-commercial use.,active
8f80af4c564e3e40d664d46956e30958b0864f9e1255dede9055144c878de7a9,2026-09-29T15:11:00Z,2026-09-29T16:20:00Z,VShell,malicious,MalwareBazaar / abuse.ch,https://bazaar.abuse.ch/sample/8f80af4c564e3e40d664d46956e30958b0864f9e1255dede9055144c878de7a9/;https://bazaar.abuse.ch/browse/,high,MalwareBazaar record dated 2026-09-29T15:11:00Z identifies the exact SHA-256 with the named VShell family signature and malware tags; abuse.ch describes MalwareBazaar as vetted malware-only data excluding benign files and PUP/PUA and available for free commercial and non-commercial use.,active
d0ec32e389f3ea70d70cad67061ed6fa125641925821ec0546ebc463709d8f39,2026-09-29T14:12:00Z,2026-09-29T16:20:00Z,VShell,malicious,MalwareBazaar / abuse.ch,https://bazaar.abuse.ch/sample/d0ec32e389f3ea70d70cad67061ed6fa125641925821ec0546ebc463709d8f39/;https://bazaar.abuse.ch/browse/,high,MalwareBazaar record dated 2026-09-29T14:12:00Z identifies the exact SHA-256 with the named VShell family signature and malware tags; abuse.ch describes MalwareBazaar as vetted malware-only data excluding benign files and PUP/PUA and available for free commercial and non-commercial use.,active
d4813f0d21891e986f9ba6eb66376e0eaa829fbb3c0de6b6a3866307c6fbf1d6,2026-09-29T14:12:00Z,2026-09-29T16:20:00Z,VShell,malicious,MalwareBazaar / abuse.ch,https://bazaar.abuse.ch/sample/d4813f0d21891e986f9ba6eb66376e0eaa829fbb3c0de6b6a3866307c6fbf1d6/;https://bazaar.abuse.ch/browse/,high,MalwareBazaar record dated 2026-09-29T14:12:00Z identifies the exact SHA-256 with the named VShell family signature and malware tags; abuse.ch describes MalwareBazaar as vetted malware-only data excluding benign files and PUP/PUA and available for free commercial and non-commercial use.,active
56cd05520efb71e67e08e1d436a18991bfe2bd6d8e5865fd00d4120df28dd569,2026-09-29T14:11:00Z,2026-09-29T16:20:00Z,VShell,malicious,MalwareBazaar / abuse.ch,https://bazaar.abuse.ch/sample/56cd05520efb71e67e08e1d436a18991bfe2bd6d8e5865fd00d4120df28dd569/;https://bazaar.abuse.ch/browse/,high,MalwareBazaar record dated 2026-09-29T14:11:00Z identifies the exact SHA-256 with the named VShell family signature and malware tags; abuse.ch describes MalwareBazaar as vetted malware-only data excluding benign files and PUP/PUA and available for free commercial and non-commercial use.,active
70e90eba0cdc19f2bff6f859be32c60a675f33c10316c62f23f1498dd980097e,2026-09-29T14:11:00Z,2026-09-29T16:20:00Z,VShell,malicious,MalwareBazaar / abuse.ch,https://bazaar.abuse.ch/sample/70e90eba0cdc19f2bff6f859be32c60a675f33c10316c62f23f1498dd980097e/;https://bazaar.abuse.ch/browse/,high,MalwareBazaar record dated 2026-09-29T14:11:00Z identifies the exact SHA-256 with the named VShell family signature and malware tags; abuse.ch describes MalwareBazaar as vetted malware-only data excluding benign files and PUP/PUA and available for free commercial and non-commercial use.,active
c571da34ec2edce2816ff4092ab21abc6250a6c410ee1f54586f2170a2d5010f,2026-09-29T14:20:00Z,2026-09-29T16:20:00Z,AgentTesla,malicious,MalwareBazaar / abuse.ch,https://bazaar.abuse.ch/sample/c571da34ec2edce2816ff4092ab21abc6250a6c410ee1f54586f2170a2d5010f/;https://bazaar.abuse.ch/browse/,high,MalwareBazaar record dated 2026-09-29T14:20:00Z identifies the exact SHA-256 with the named AgentTesla family signature and malware tags; abuse.ch describes MalwareBazaar as vetted malware-only data excluding benign files and PUP/PUA and available for free commercial and non-commercial use.,active
052930158bc4e129bcafd12332a817d0716d53818cb756c5e5cf7dd08ecedd6e,2026-09-29T14:01:00Z,2026-09-29T16:20:00Z,AgentTesla,malicious,MalwareBazaar / abuse.ch,https://bazaar.abuse.ch/sample/052930158bc4e129bcafd12332a817d0716d53818cb756c5e5cf7dd08ecedd6e/;https://bazaar.abuse.ch/browse/,high,MalwareBazaar record dated 2026-09-29T14:01:00Z identifies the exact SHA-256 with the named AgentTesla family signature and malware tags; abuse.ch describes MalwareBazaar as vetted malware-only data excluding benign files and PUP/PUA and available for free commercial and non-commercial use.,active
64fa2a3b7846e061b99ad6c66b30fca6459a58935b29d7e45e88b3698281a2a4,2026-09-29T12:21:00Z,2026-09-29T16:20:00Z,AgentTesla,malicious,MalwareBazaar / abuse.ch,https://bazaar.abuse.ch/sample/64fa2a3b7846e061b99ad6c66b30fca6459a58935b29d7e45e88b3698281a2a4/;https://bazaar.abuse.ch/browse/,high,MalwareBazaar record dated 2026-09-29T12:21:00Z identifies the exact SHA-256 with the named AgentTesla family signature and malware tags; abuse.ch describes MalwareBazaar as vetted malware-only data excluding benign files and PUP/PUA and available for free commercial and non-commercial use.,active
7e25b5c8110ed1d03512a2e9dfdfe7ad26ce1df1d71505567724464ae58dd9d5,2026-09-29T14:10:00Z,2026-09-29T16:20:00Z,FormBook,malicious,MalwareBazaar / abuse.ch,https://bazaar.abuse.ch/sample/7e25b5c8110ed1d03512a2e9dfdfe7ad26ce1df1d71505567724464ae58dd9d5/;https://bazaar.abuse.ch/browse/,high,MalwareBazaar record dated 2026-09-29T14:10:00Z identifies the exact SHA-256 with the named FormBook family signature and malware tags; abuse.ch describes MalwareBazaar as vetted malware-only data excluding benign files and PUP/PUA and available for free commercial and non-commercial use.,active
74d03fc1f9576464040569101e660954c215695e89a0f447e08a2da502040bc4,2026-09-29T12:31:00Z,2026-09-29T16:20:00Z,FormBook,malicious,MalwareBazaar / abuse.ch,https://bazaar.abuse.ch/sample/74d03fc1f9576464040569101e660954c215695e89a0f447e08a2da502040bc4/;https://bazaar.abuse.ch/browse/,high,MalwareBazaar record dated 2026-09-29T12:31:00Z identifies the exact SHA-256 with the named FormBook family signature and malware tags; abuse.ch describes MalwareBazaar as vetted malware-only data excluding benign files and PUP/PUA and available for free commercial and non-commercial use.,active
dc5021a0e1d00fb1da9eef2b5d5ac3f9a5906e5c3c17470807c3845083ac5a6d,2026-09-29T12:31:00Z,2026-09-29T16:20:00Z,FormBook,malicious,MalwareBazaar / abuse.ch,https://bazaar.abuse.ch/sample/dc5021a0e1d00fb1da9eef2b5d5ac3f9a5906e5c3c17470807c3845083ac5a6d/;https://bazaar.abuse.ch/browse/,high,MalwareBazaar record dated 2026-09-29T12:31:00Z identifies the exact SHA-256 with the named FormBook family signature and malware tags; abuse.ch describes MalwareBazaar as vetted malware-only data excluding benign files and PUP/PUA and available for free commercial and non-commercial use.,active
e44869eb433cab78c1c26f9200b172fc198707b4f593129db4f5f911e5ef7573,2026-09-29T12:29:00Z,2026-09-29T16:20:00Z,FormBook,malicious,MalwareBazaar / abuse.ch,https://bazaar.abuse.ch/sample/e44869eb433cab78c1c26f9200b172fc198707b4f593129db4f5f911e5ef7573/;https://bazaar.abuse.ch/browse/,high,MalwareBazaar record dated 2026-09-29T12:29:00Z identifies the exact SHA-256 with the named FormBook family signature and malware tags; abuse.ch describes MalwareBazaar as vetted malware-only data excluding benign files and PUP/PUA and available for free commercial and non-commercial use.,active
fb8eb3f18143e4142b73c7f18170cd63736e3c554a7c53381899a42baa8ca8d9,2026-09-29T12:29:00Z,2026-09-29T16:20:00Z,FormBook,malicious,MalwareBazaar / abuse.ch,https://bazaar.abuse.ch/sample/fb8eb3f18143e4142b73c7f18170cd63736e3c554a7c53381899a42baa8ca8d9/;https://bazaar.abuse.ch/browse/,high,MalwareBazaar record dated 2026-09-29T12:29:00Z identifies the exact SHA-256 with the named FormBook family signature and malware tags; abuse.ch describes MalwareBazaar as vetted malware-only data excluding benign files and PUP/PUA and available for free commercial and non-commercial use.,active
c9202dc8155eba2442d946174b4212b0c74b766ef8cf148cc276c2318d001b3c,2026-09-29T14:03:00Z,2026-09-29T16:20:00Z,PureLogsStealer,malicious,MalwareBazaar / abuse.ch,https://bazaar.abuse.ch/sample/c9202dc8155eba2442d946174b4212b0c74b766ef8cf148cc276c2318d001b3c/;https://bazaar.abuse.ch/browse/,high,MalwareBazaar record dated 2026-09-29T14:03:00Z identifies the exact SHA-256 with the named PureLogsStealer family signature and malware tags; abuse.ch describes MalwareBazaar as vetted malware-only data excluding benign files and PUP/PUA and available for free commercial and non-commercial use.,active
9c781919e4658e0fb4fd9e55f665a3db933f87ad750c46f8cffc74093441bb65,2026-09-29T14:03:00Z,2026-09-29T16:20:00Z,PureLogsStealer,malicious,MalwareBazaar / abuse.ch,https://bazaar.abuse.ch/sample/9c781919e4658e0fb4fd9e55f665a3db933f87ad750c46f8cffc74093441bb65/;https://bazaar.abuse.ch/browse/,high,MalwareBazaar record dated 2026-09-29T14:03:00Z identifies the exact SHA-256 with the named PureLogsStealer family signature and malware tags; abuse.ch describes MalwareBazaar as vetted malware-only data excluding benign files and PUP/PUA and available for free commercial and non-commercial use.,active
d274af0fcf513c3d489d40aeec5a69d7f3f09db26d5ac2a2c2fb65697259b3c0,2026-09-29T13:51:00Z,2026-09-29T16:20:00Z,SnakeKeylogger,malicious,MalwareBazaar / abuse.ch,https://bazaar.abuse.ch/sample/d274af0fcf513c3d489d40aeec5a69d7f3f09db26d5ac2a2c2fb65697259b3c0/;https://bazaar.abuse.ch/browse/,high,MalwareBazaar record dated 2026-09-29T13:51:00Z identifies the exact SHA-256 with the named SnakeKeylogger family signature and malware tags; abuse.ch describes MalwareBazaar as vetted malware-only data excluding benign files and PUP/PUA and available for free commercial and non-commercial use.,active
905875f98083af8c8f692cded87b1f36e87f68b0c09072aa171a84fb9f957e11,2026-09-29T13:51:00Z,2026-09-29T16:20:00Z,SnakeKeylogger,malicious,MalwareBazaar / abuse.ch,https://bazaar.abuse.ch/sample/905875f98083af8c8f692cded87b1f36e87f68b0c09072aa171a84fb9f957e11/;https://bazaar.abuse.ch/browse/,high,MalwareBazaar record dated 2026-09-29T13:51:00Z identifies the exact SHA-256 with the named SnakeKeylogger family signature and malware tags; abuse.ch describes MalwareBazaar as vetted malware-only data excluding benign files and PUP/PUA and available for free commercial and non-commercial use.,active
66d3101e3b2207acdbdd9d0c14a1c3ea064e14a771705d8a4583faecaba98544,2026-09-29T12:28:00Z,2026-09-29T16:20:00Z,SnakeKeylogger,malicious,MalwareBazaar / abuse.ch,https://bazaar.abuse.ch/sample/66d3101e3b2207acdbdd9d0c14a1c3ea064e14a771705d8a4583faecaba98544/;https://bazaar.abuse.ch/browse/,high,MalwareBazaar record dated 2026-09-29T12:28:00Z identifies the exact SHA-256 with the named SnakeKeylogger family signature and malware tags; abuse.ch describes MalwareBazaar as vetted malware-only data excluding benign files and PUP/PUA and available for free commercial and non-commercial use.,active
d782bdd883c0a1f8c484e50765a1481116f9e700fea7dc9e39df2ab4cb9dd8a2,2026-09-29T12:44:00Z,2026-09-29T16:20:00Z,KONNI,malicious,MalwareBazaar / abuse.ch,https://bazaar.abuse.ch/sample/d782bdd883c0a1f8c484e50765a1481116f9e700fea7dc9e39df2ab4cb9dd8a2/;https://bazaar.abuse.ch/browse/,high,MalwareBazaar record dated 2026-09-29T12:44:00Z identifies the exact SHA-256 with the named KONNI family signature and malware tags; abuse.ch describes MalwareBazaar as vetted malware-only data excluding benign files and PUP/PUA and available for free commercial and non-commercial use.,active
3e3f0f03a52304570aaf18d4536e8be8a3577e68a198edc53e5877283c18ea5d,2026-09-29T12:30:00Z,2026-09-29T16:20:00Z,XWorm,malicious,MalwareBazaar / abuse.ch,https://bazaar.abuse.ch/sample/3e3f0f03a52304570aaf18d4536e8be8a3577e68a198edc53e5877283c18ea5d/;https://bazaar.abuse.ch/browse/,high,MalwareBazaar record dated 2026-09-29T12:30:00Z identifies the exact SHA-256 with the named XWorm family signature and malware tags; abuse.ch describes MalwareBazaar as vetted malware-only data excluding benign files and PUP/PUA and available for free commercial and non-commercial use.,active
642649ebce20df2446dd0cab4a24d9c06ff051d449fdf854336bf4726055900a,2026-09-29T12:22:00Z,2026-09-29T16:20:00Z,SalatStealer,malicious,MalwareBazaar / abuse.ch,https://bazaar.abuse.ch/sample/642649ebce20df2446dd0cab4a24d9c06ff051d449fdf854336bf4726055900a/;https://bazaar.abuse.ch/browse/,high,MalwareBazaar record dated 2026-09-29T12:22:00Z identifies the exact SHA-256 with the named SalatStealer family signature and malware tags; abuse.ch describes MalwareBazaar as vetted malware-only data excluding benign files and PUP/PUA and available for free commercial and non-commercial use.,active
dfe8f46ab3cefa99382f9d2a4dab881cb9551497e9bc5d6a95fe4cf4b7c8df03,2026-09-14T00:00:00Z,2026-09-30T16:15:51Z,CERT Polska multi-stage Android toll-fraud operation,malicious,CERT Polska,https://cert.pl/en/posts/2026/09/tollfraud-analysis/,high,"CERT Polska report published 2026-09-23 lists this exact SHA-256 as Messenger Pro base APK. Analysts reconstructed the four-layer infection chain with static analysis, network inspection, controlled Android 15 execution, decrypted C2 exchanges, and live premium-SMS/carrier-billing jobs. Source states indicators were observed or recovered 2026-09-14 through 2026-09-21 and C2 remained operational after store removal.",active
2f3093e9790e541c626b58c058c1098ca8ea25abab875771b285dcae04b1298e,2026-09-14T00:00:00Z,2026-09-30T16:15:51Z,CERT Polska multi-stage Android toll-fraud operation,malicious,CERT Polska,https://cert.pl/en/posts/2026/09/tollfraud-analysis/,high,"CERT Polska report published 2026-09-23 lists this exact SHA-256 as Messenger Pro stage 1 DEX. Analysts reconstructed the four-layer infection chain with static analysis, network inspection, controlled Android 15 execution, decrypted C2 exchanges, and live premium-SMS/carrier-billing jobs. Source states indicators were observed or recovered 2026-09-14 through 2026-09-21 and C2 remained operational after store removal.",active
c21361d183d7b649e6af869a911e210ff8a293fcb91695694992a1428fb5bf28,2026-09-14T00:00:00Z,2026-09-30T16:15:51Z,CERT Polska multi-stage Android toll-fraud operation,malicious,CERT Polska,https://cert.pl/en/posts/2026/09/tollfraud-analysis/,high,"CERT Polska report published 2026-09-23 lists this exact SHA-256 as Messenger Pro stage 2 DEX. Analysts reconstructed the four-layer infection chain with static analysis, network inspection, controlled Android 15 execution, decrypted C2 exchanges, and live premium-SMS/carrier-billing jobs. Source states indicators were observed or recovered 2026-09-14 through 2026-09-21 and C2 remained operational after store removal.",active
8ffa31b8d6ba3ba217b4f658539b6c6894d75709842482c2248d056ee080a79c,2026-09-14T00:00:00Z,2026-09-30T16:15:51Z,CERT Polska multi-stage Android toll-fraud operation,malicious,CERT Polska,https://cert.pl/en/posts/2026/09/tollfraud-analysis/,high,"CERT Polska report published 2026-09-23 lists this exact SHA-256 as Messenger Pro default fraud payload DEX. Analysts reconstructed the four-layer infection chain with static analysis, network inspection, controlled Android 15 execution, decrypted C2 exchanges, and live premium-SMS/carrier-billing jobs. Source states indicators were observed or recovered 2026-09-14 through 2026-09-21 and C2 remained operational after store removal.",active
79e3a8b1b19f1af6c80e728d32652e11a63c1d35517dd448760249fc42efceb7,2026-09-14T00:00:00Z,2026-09-30T16:15:51Z,AqMu / CERT Polska toll-fraud operation,malicious,CERT Polska,https://cert.pl/en/posts/2026/09/tollfraud-analysis/,high,"CERT Polska report published 2026-09-23 lists this exact SHA-256 as Messenger Pro AqMu fraud payload DEX. Analysts reconstructed the four-layer infection chain with static analysis, network inspection, controlled Android 15 execution, decrypted C2 exchanges, and live premium-SMS/carrier-billing jobs. Source states indicators were observed or recovered 2026-09-14 through 2026-09-21 and C2 remained operational after store removal.",active
a2f292da1eb6da3bcd1b2bf2340478c2f02a4844bfaa85f00d6e4820bbbe597a,2026-09-14T00:00:00Z,2026-09-30T16:15:51Z,CERT Polska multi-stage Android toll-fraud operation,malicious,CERT Polska,https://cert.pl/en/posts/2026/09/tollfraud-analysis/,high,"CERT Polska report published 2026-09-23 lists this exact SHA-256 as Messenger Pro remote fraud automation JavaScript. Analysts reconstructed the four-layer infection chain with static analysis, network inspection, controlled Android 15 execution, decrypted C2 exchanges, and live premium-SMS/carrier-billing jobs. Source states indicators were observed or recovered 2026-09-14 through 2026-09-21 and C2 remained operational after store removal.",active
6dafefa5a88dea6021028b4b58c58e60422af96296318c84cf898bd3aecc4ee9,2026-09-14T00:00:00Z,2026-09-30T16:15:51Z,AqMu / CERT Polska toll-fraud operation,malicious,CERT Polska,https://cert.pl/en/posts/2026/09/tollfraud-analysis/,high,"CERT Polska report published 2026-09-23 lists this exact SHA-256 as Phone Cleaner Master base APK. Reverse engineering tied the Phone Cleaner Master build to the AqMu toll-fraud branch, country-policy routing, and active campaign C2; the source states indicators were observed or recovered 2026-09-14 through 2026-09-21.",active
eb51fea688ded3ae08fbde2130b859c70e90ce4730f9464120b2ffab087946de,2026-09-14T00:00:00Z,2026-09-30T16:15:51Z,AqMu / CERT Polska toll-fraud operation,malicious,CERT Polska,https://cert.pl/en/posts/2026/09/tollfraud-analysis/,high,"CERT Polska report published 2026-09-23 lists this exact SHA-256 as Phone Cleaner Master stage 1 DEX. Reverse engineering tied the Phone Cleaner Master build to the AqMu toll-fraud branch, country-policy routing, and active campaign C2; the source states indicators were observed or recovered 2026-09-14 through 2026-09-21.",active
20e97d2717fca6cb4216f762d0c9cffe5b314e1331591d9800f827e988450711,2026-09-14T00:00:00Z,2026-09-30T16:15:51Z,AqMu / CERT Polska toll-fraud operation,malicious,CERT Polska,https://cert.pl/en/posts/2026/09/tollfraud-analysis/,high,"CERT Polska report published 2026-09-23 lists this exact SHA-256 as Phone Cleaner Master stage 2 DEX. Reverse engineering tied the Phone Cleaner Master build to the AqMu toll-fraud branch, country-policy routing, and active campaign C2; the source states indicators were observed or recovered 2026-09-14 through 2026-09-21.",active
aa06f574b48b2ee071d6488616280be91a2854b38a702c3a2cc92cb2824413aa,2026-09-14T00:00:00Z,2026-09-30T16:15:51Z,AqMu / CERT Polska toll-fraud operation,malicious,CERT Polska,https://cert.pl/en/posts/2026/09/tollfraud-analysis/,high,"CERT Polska report published 2026-09-23 lists this exact SHA-256 as Phone Cleaner Master AqMu payload DEX. Reverse engineering tied the Phone Cleaner Master build to the AqMu toll-fraud branch, country-policy routing, and active campaign C2; the source states indicators were observed or recovered 2026-09-14 through 2026-09-21.",active
0ddbae8ed57090473cacca22bdfe2bdc2456276a7091633b529729ad86798bd6,2026-09-14T00:00:00Z,2026-09-30T16:15:51Z,CERT Polska multi-stage Android toll-fraud operation,malicious,CERT Polska,https://cert.pl/en/posts/2026/09/tollfraud-analysis/,high,"CERT Polska report published 2026-09-23 lists this exact SHA-256 as Cool Wallpaper base APK and classifies its application among 17 code- or infrastructure-confirmed malicious Google Play apps in the coordinated toll-fraud operation. Analysts verified hidden loader components, remote activation, shared payload routing or malicious native handoff; indicators were observed or recovered 2026-09-14 through 2026-09-21.",active
dbbe94fb651a16664ac745a07ad4937eea6605ecf9079ff032ba600ca79f96b9,2026-09-14T00:00:00Z,2026-09-30T16:15:51Z,CERT Polska multi-stage Android toll-fraud operation,malicious,CERT Polska,https://cert.pl/en/posts/2026/09/tollfraud-analysis/,high,"CERT Polska report published 2026-09-23 lists this exact SHA-256 as Max Messenger base APK and classifies its application among 17 code- or infrastructure-confirmed malicious Google Play apps in the coordinated toll-fraud operation. Analysts verified hidden loader components, remote activation, shared payload routing or malicious native handoff; indicators were observed or recovered 2026-09-14 through 2026-09-21.",active
ec5428f45615256db30497661ca5c081ce53b97b6084c0841d77f4c33f425e66,2026-09-14T00:00:00Z,2026-09-30T16:15:51Z,CERT Polska multi-stage Android toll-fraud operation,malicious,CERT Polska,https://cert.pl/en/posts/2026/09/tollfraud-analysis/,high,"CERT Polska report published 2026-09-23 lists this exact SHA-256 as Max Messenger ARM64 routing stage and classifies its application among 17 code- or infrastructure-confirmed malicious Google Play apps in the coordinated toll-fraud operation. Analysts verified hidden loader components, remote activation, shared payload routing or malicious native handoff; indicators were observed or recovered 2026-09-14 through 2026-09-21.",active
7e94933820874bde642743e839fd079e2d9084d473b807af97ed361f55fc31d1,2026-09-14T00:00:00Z,2026-09-30T16:15:51Z,CERT Polska multi-stage Android toll-fraud operation,malicious,CERT Polska,https://cert.pl/en/posts/2026/09/tollfraud-analysis/,high,"CERT Polska report published 2026-09-23 lists this exact SHA-256 as Text Chat APK variant and classifies its application among 17 code- or infrastructure-confirmed malicious Google Play apps in the coordinated toll-fraud operation. Analysts verified hidden loader components, remote activation, shared payload routing or malicious native handoff; indicators were observed or recovered 2026-09-14 through 2026-09-21.",active
84c5a91e25ce62bc8ca7ca6e70f50be639cb98974ede2bcc51c3ee6fcb72065a,2026-09-14T00:00:00Z,2026-09-30T16:15:51Z,CERT Polska multi-stage Android toll-fraud operation,malicious,CERT Polska,https://cert.pl/en/posts/2026/09/tollfraud-analysis/,high,"CERT Polska report published 2026-09-23 lists this exact SHA-256 as Text Chat APK variant and classifies its application among 17 code- or infrastructure-confirmed malicious Google Play apps in the coordinated toll-fraud operation. Analysts verified hidden loader components, remote activation, shared payload routing or malicious native handoff; indicators were observed or recovered 2026-09-14 through 2026-09-21.",active
c5f908441cfe3437b1f51497dc9608f77204a00265edd1a6d840aebfa3f28786,2026-09-14T00:00:00Z,2026-09-30T16:15:51Z,CERT Polska multi-stage Android toll-fraud operation,malicious,CERT Polska,https://cert.pl/en/posts/2026/09/tollfraud-analysis/,high,"CERT Polska report published 2026-09-23 lists this exact SHA-256 as Text Chat APK variant and classifies its application among 17 code- or infrastructure-confirmed malicious Google Play apps in the coordinated toll-fraud operation. Analysts verified hidden loader components, remote activation, shared payload routing or malicious native handoff; indicators were observed or recovered 2026-09-14 through 2026-09-21.",active
245940bf77583138de870d91628b26c2d6ea480a711dd9b38922f985ceafcd48,2026-09-14T00:00:00Z,2026-09-30T16:15:51Z,CERT Polska multi-stage Android toll-fraud operation,malicious,CERT Polska,https://cert.pl/en/posts/2026/09/tollfraud-analysis/,high,"CERT Polska report published 2026-09-23 lists this exact SHA-256 as PDF Scanner Art base APK and classifies its application among 17 code- or infrastructure-confirmed malicious Google Play apps in the coordinated toll-fraud operation. Analysts verified hidden loader components, remote activation, shared payload routing or malicious native handoff; indicators were observed or recovered 2026-09-14 through 2026-09-21.",active
c35febe019f51ab161fa884d7d5c2c377e1450a7054b4f059eca34e4ec1085cb,2026-09-14T00:00:00Z,2026-09-30T16:15:51Z,CERT Polska multi-stage Android toll-fraud operation,malicious,CERT Polska,https://cert.pl/en/posts/2026/09/tollfraud-analysis/,high,"CERT Polska report published 2026-09-23 lists this exact SHA-256 as Seed Text Messages base APK and classifies its application among 17 code- or infrastructure-confirmed malicious Google Play apps in the coordinated toll-fraud operation. Analysts verified hidden loader components, remote activation, shared payload routing or malicious native handoff; indicators were observed or recovered 2026-09-14 through 2026-09-21.",active
4dcac05ba219fe5c94d8420e7dbfa4594c2e56f76bcb54fbe3a7ff2be161a96a,2026-09-14T00:00:00Z,2026-09-30T16:15:51Z,CERT Polska multi-stage Android toll-fraud operation,malicious,CERT Polska,https://cert.pl/en/posts/2026/09/tollfraud-analysis/,high,"CERT Polska report published 2026-09-23 lists this exact SHA-256 as Instant Messages base APK and classifies its application among 17 code- or infrastructure-confirmed malicious Google Play apps in the coordinated toll-fraud operation. Analysts verified hidden loader components, remote activation, shared payload routing or malicious native handoff; indicators were observed or recovered 2026-09-14 through 2026-09-21.",active
933c241a27cb83613cba5229422951d8080c77a58784cc31dc0b58d5a03e6259,2026-09-14T00:00:00Z,2026-09-30T16:15:51Z,CERT Polska multi-stage Android toll-fraud operation,malicious,CERT Polska,https://cert.pl/en/posts/2026/09/tollfraud-analysis/,high,"CERT Polska report published 2026-09-23 lists this exact SHA-256 as Short Messages base APK and classifies its application among 17 code- or infrastructure-confirmed malicious Google Play apps in the coordinated toll-fraud operation. Analysts verified hidden loader components, remote activation, shared payload routing or malicious native handoff; indicators were observed or recovered 2026-09-14 through 2026-09-21.",active
1126d64ee7d490fb8bb92c419a5bb110f928148c14ee62b855b8d7d3f846d315,2026-09-14T00:00:00Z,2026-09-30T16:15:51Z,CERT Polska multi-stage Android toll-fraud operation,malicious,CERT Polska,https://cert.pl/en/posts/2026/09/tollfraud-analysis/,high,"CERT Polska report published 2026-09-23 lists this exact SHA-256 as Text Messages base APK and classifies its application among 17 code- or infrastructure-confirmed malicious Google Play apps in the coordinated toll-fraud operation. Analysts verified hidden loader components, remote activation, shared payload routing or malicious native handoff; indicators were observed or recovered 2026-09-14 through 2026-09-21.",active
d2d38925e3446b62819fd959feb171a7873842801826d54227924bcd7afb8596,2026-09-14T00:00:00Z,2026-09-30T16:15:51Z,CERT Polska multi-stage Android toll-fraud operation,malicious,CERT Polska,https://cert.pl/en/posts/2026/09/tollfraud-analysis/,high,"CERT Polska report published 2026-09-23 lists this exact SHA-256 as Quick Chat Message base APK and classifies its application among 17 code- or infrastructure-confirmed malicious Google Play apps in the coordinated toll-fraud operation. Analysts verified hidden loader components, remote activation, shared payload routing or malicious native handoff; indicators were observed or recovered 2026-09-14 through 2026-09-21.",active
a6bc28f9bec74184eaa54411437c8a2de40f72532d357a9f4b9f4173ed3458b5,2026-09-14T00:00:00Z,2026-09-30T16:15:51Z,CERT Polska multi-stage Android toll-fraud operation,malicious,CERT Polska,https://cert.pl/en/posts/2026/09/tollfraud-analysis/,high,"CERT Polska report published 2026-09-23 lists this exact SHA-256 as PDF Scanner Pro base APK and classifies its application among 17 code- or infrastructure-confirmed malicious Google Play apps in the coordinated toll-fraud operation. Analysts verified hidden loader components, remote activation, shared payload routing or malicious native handoff; indicators were observed or recovered 2026-09-14 through 2026-09-21.",active
f39ab5ea54a99e6e78abd00061095c3063008b2c7378594a78959fb4dadb3c02,2026-09-14T00:00:00Z,2026-09-30T16:15:51Z,CERT Polska multi-stage Android toll-fraud operation,malicious,CERT Polska,https://cert.pl/en/posts/2026/09/tollfraud-analysis/,high,"CERT Polska report published 2026-09-23 lists this exact SHA-256 as PDF Scanner Pro malicious libjcxo.so and classifies its application among 17 code- or infrastructure-confirmed malicious Google Play apps in the coordinated toll-fraud operation. Analysts verified hidden loader components, remote activation, shared payload routing or malicious native handoff; indicators were observed or recovered 2026-09-14 through 2026-09-21.",active
d004bb904083d2ef95cc0ccdcbf4b08c4afd1ee7aae2dbff06cb5c118e41dfe3,2026-09-14T00:00:00Z,2026-09-30T16:15:51Z,CERT Polska multi-stage Android toll-fraud operation,malicious,CERT Polska,https://cert.pl/en/posts/2026/09/tollfraud-analysis/,high,"CERT Polska report published 2026-09-23 lists this exact SHA-256 as Text Magic Messages base APK and classifies its application among 17 code- or infrastructure-confirmed malicious Google Play apps in the coordinated toll-fraud operation. Analysts verified hidden loader components, remote activation, shared payload routing or malicious native handoff; indicators were observed or recovered 2026-09-14 through 2026-09-21.",active
b14b55947ba425ed5517e0c9e5d68c23095223c3900e14d327041f7a10759836,2026-09-14T00:00:00Z,2026-09-30T16:15:51Z,CERT Polska multi-stage Android toll-fraud operation,malicious,CERT Polska,https://cert.pl/en/posts/2026/09/tollfraud-analysis/,high,"CERT Polska report published 2026-09-23 lists this exact SHA-256 as Lite PDF Scanner base APK and classifies its application among 17 code- or infrastructure-confirmed malicious Google Play apps in the coordinated toll-fraud operation. Analysts verified hidden loader components, remote activation, shared payload routing or malicious native handoff; indicators were observed or recovered 2026-09-14 through 2026-09-21.",active
9970a7da384f4a338c042a9857a8fb784bfbe608449c2c3ca29285a01ec84e79,2026-09-14T00:00:00Z,2026-09-30T16:15:51Z,CERT Polska multi-stage Android toll-fraud operation,malicious,CERT Polska,https://cert.pl/en/posts/2026/09/tollfraud-analysis/,high,"CERT Polska report published 2026-09-23 lists this exact SHA-256 as Text Message Pro base APK and classifies its application among 17 code- or infrastructure-confirmed malicious Google Play apps in the coordinated toll-fraud operation. Analysts verified hidden loader components, remote activation, shared payload routing or malicious native handoff; indicators were observed or recovered 2026-09-14 through 2026-09-21.",active
8ea135151465aa072c02b8a143d50a23a711bdda4cf29a8e91b57c0c2f5b8883,2026-09-14T00:00:00Z,2026-09-30T16:15:51Z,CERT Polska multi-stage Android toll-fraud operation,malicious,CERT Polska,https://cert.pl/en/posts/2026/09/tollfraud-analysis/,high,"CERT Polska report published 2026-09-23 lists this exact SHA-256 as Go Cleaner Pro base APK and classifies its application among 17 code- or infrastructure-confirmed malicious Google Play apps in the coordinated toll-fraud operation. Analysts verified hidden loader components, remote activation, shared payload routing or malicious native handoff; indicators were observed or recovered 2026-09-14 through 2026-09-21.",active
bfa4dab9fb2ee21b39964651b67ef47bb80ddcfc8fb969dcecd121e83bf06667,2026-09-14T00:00:00Z,2026-09-30T16:15:51Z,CERT Polska multi-stage Android toll-fraud operation,malicious,CERT Polska,https://cert.pl/en/posts/2026/09/tollfraud-analysis/,high,"CERT Polska report published 2026-09-23 lists this exact SHA-256 as Quick Message Pro base APK and classifies its application among 17 code- or infrastructure-confirmed malicious Google Play apps in the coordinated toll-fraud operation. Analysts verified hidden loader components, remote activation, shared payload routing or malicious native handoff; indicators were observed or recovered 2026-09-14 through 2026-09-21.",active
3af3f780722cb9bba958f85f0843112501f15922c30151ec04c767e1992aa5bd,2026-09-14T00:00:00Z,2026-09-30T16:15:51Z,CERT Polska multi-stage Android toll-fraud operation,malicious,CERT Polska,https://cert.pl/en/posts/2026/09/tollfraud-analysis/,high,"CERT Polska report published 2026-09-23 lists this exact SHA-256 as Storage Cleaner APK in the separately labeled related-malicious-loader set. Analysts linked it through loader code, hidden components, activation logic, and campaign infrastructure; the final fraud module was not recovered, so this row is classified as a malicious loader rather than a confirmed fraud payload. Indicators were observed or recovered 2026-09-14 through 2026-09-21.",active
45eec140149f10096368e7ca83af958805fcf5a2f59f0894c6cea197bf4c56d7,2026-09-14T00:00:00Z,2026-09-30T16:15:51Z,CERT Polska multi-stage Android toll-fraud operation,malicious,CERT Polska,https://cert.pl/en/posts/2026/09/tollfraud-analysis/,high,"CERT Polska report published 2026-09-23 lists this exact SHA-256 as Document Reader APK in the separately labeled related-malicious-loader set. Analysts linked it through loader code, hidden components, activation logic, and campaign infrastructure; the final fraud module was not recovered, so this row is classified as a malicious loader rather than a confirmed fraud payload. Indicators were observed or recovered 2026-09-14 through 2026-09-21.",active
782fd6241a07831c7539b1c106c54fdf1be62d9a5bac2139ea42d4fdbd7799ad,2026-09-14T00:00:00Z,2026-09-30T16:15:51Z,CERT Polska multi-stage Android toll-fraud operation,malicious,CERT Polska,https://cert.pl/en/posts/2026/09/tollfraud-analysis/,high,"CERT Polska report published 2026-09-23 lists this exact SHA-256 as Smart Clean APK in the separately labeled related-malicious-loader set. Analysts linked it through loader code, hidden components, activation logic, and campaign infrastructure; the final fraud module was not recovered, so this row is classified as a malicious loader rather than a confirmed fraud payload. Indicators were observed or recovered 2026-09-14 through 2026-09-21.",active
9a2af014ce573f3480e528bb4a0949ed2d4f47fecaf747f8bb5a05ea45da7457,2026-09-14T00:00:00Z,2026-09-30T16:15:51Z,CERT Polska multi-stage Android toll-fraud operation,malicious,CERT Polska,https://cert.pl/en/posts/2026/09/tollfraud-analysis/,high,"CERT Polska report published 2026-09-23 lists this exact SHA-256 as Smart Clean APK in the separately labeled related-malicious-loader set. Analysts linked it through loader code, hidden components, activation logic, and campaign infrastructure; the final fraud module was not recovered, so this row is classified as a malicious loader rather than a confirmed fraud payload. Indicators were observed or recovered 2026-09-14 through 2026-09-21.",active
a19e349b7aa3cec11e4ce4175eeb20992495ac6b33433f6d856093d5f3f19bd4,2026-09-14T00:00:00Z,2026-09-30T16:15:51Z,CERT Polska multi-stage Android toll-fraud operation,malicious,CERT Polska,https://cert.pl/en/posts/2026/09/tollfraud-analysis/,high,"CERT Polska report published 2026-09-23 lists this exact SHA-256 as Smart Clean APK in the separately labeled related-malicious-loader set. Analysts linked it through loader code, hidden components, activation logic, and campaign infrastructure; the final fraud module was not recovered, so this row is classified as a malicious loader rather than a confirmed fraud payload. Indicators were observed or recovered 2026-09-14 through 2026-09-21.",active
228f177aacd2bd84da3954d69f4ae430478027728b4eb990815f79a1a36f6276,2026-09-14T00:00:00Z,2026-09-30T16:15:51Z,CERT Polska multi-stage Android toll-fraud operation,malicious,CERT Polska,https://cert.pl/en/posts/2026/09/tollfraud-analysis/,high,"CERT Polska report published 2026-09-23 lists this exact SHA-256 as Clean Max APK in the separately labeled related-malicious-loader set. Analysts linked it through loader code, hidden components, activation logic, and campaign infrastructure; the final fraud module was not recovered, so this row is classified as a malicious loader rather than a confirmed fraud payload. Indicators were observed or recovered 2026-09-14 through 2026-09-21.",active
a62e4dff996e366aa138649a3451ce6a563e73b0f456c7f2ad5aaeba99f12e01,2026-09-14T00:00:00Z,2026-09-30T16:15:51Z,CERT Polska multi-stage Android toll-fraud operation,malicious,CERT Polska,https://cert.pl/en/posts/2026/09/tollfraud-analysis/,high,"CERT Polska report published 2026-09-23 lists this exact SHA-256 as Frekas APK in the separately labeled related-malicious-loader set. Analysts linked it through loader code, hidden components, activation logic, and campaign infrastructure; the final fraud module was not recovered, so this row is classified as a malicious loader rather than a confirmed fraud payload. Indicators were observed or recovered 2026-09-14 through 2026-09-21.",active
4d4ec634a6ddb497eb90b5eaa824cc0cacd878cba6143da19d7433ede888d397,2026-09-14T00:00:00Z,2026-09-30T16:15:51Z,CERT Polska multi-stage Android toll-fraud operation,malicious,CERT Polska,https://cert.pl/en/posts/2026/09/tollfraud-analysis/,high,"CERT Polska report published 2026-09-23 lists this exact SHA-256 as AI Cleaner APK in the separately labeled related-malicious-loader set. Analysts linked it through loader code, hidden components, activation logic, and campaign infrastructure; the final fraud module was not recovered, so this row is classified as a malicious loader rather than a confirmed fraud payload. Indicators were observed or recovered 2026-09-14 through 2026-09-21.",active
df3cad997d5a286c1f3609acd0c436a8962baa4a4d6a9172ab8c46a140f6b4ca,2026-09-14T00:00:00Z,2026-09-30T16:15:51Z,CERT Polska multi-stage Android toll-fraud operation,malicious,CERT Polska,https://cert.pl/en/posts/2026/09/tollfraud-analysis/,high,"CERT Polska report published 2026-09-23 lists this exact SHA-256 as Earlier PDF loader APK in the separately labeled related-malicious-loader set. Analysts linked it through loader code, hidden components, activation logic, and campaign infrastructure; the final fraud module was not recovered, so this row is classified as a malicious loader rather than a confirmed fraud payload. Indicators were observed or recovered 2026-09-14 through 2026-09-21.",active
14e3376befd4b7b52de0757b6264da294ac6b0f9e4ff51cb9bc5b19b243fe335,2026-09-24T00:00:00Z,2026-10-01T16:07:54Z,ClickFix-delivered custom RAT,malicious_stager,Huntress,https://www.huntress.com/blog/chatgpt-custom-gpts-clickfix-rat,high,Huntress report published 2026-09-29 documents at least 40 related incidents and reverse-engineers an active eight-stage ClickFix infection chain from affected hosts. Obfuscated ClickFix PowerShell stager; source IOC included a trailing punctuation mark that was removed during SHA-256 normalization. The campaign exception above 10 hashes is justified by two active variants and distinct executable stages. Public defensive IOC facts are republished with attribution; no report prose is copied.,active
c4603646701069ebdeabc96f74e1f947355ace8575560986d8393fcc6b88d0b7,2026-09-27T00:00:00Z,2026-10-01T16:07:54Z,ClickFix-delivered custom RAT,malicious_stager,Huntress,https://www.huntress.com/blog/chatgpt-custom-gpts-clickfix-rat,high,Huntress report published 2026-09-29 documents at least 40 related incidents and reverse-engineers an active eight-stage ClickFix infection chain from affected hosts. V2 ClickFix PowerShell stager. The campaign exception above 10 hashes is justified by two active variants and distinct executable stages. Public defensive IOC facts are republished with attribution; no report prose is copied.,active
6761aad48a3f987238994d92bca97e4b8550e0150607bd67b47b1b6366a371fc,2026-09-24T00:00:00Z,2026-10-01T16:07:54Z,ClickFix-delivered custom RAT,malicious_installer,Huntress,https://www.huntress.com/blog/chatgpt-custom-gpts-clickfix-rat,high,Huntress report published 2026-09-29 documents at least 40 related incidents and reverse-engineers an active eight-stage ClickFix infection chain from affected hosts. Malicious MSI initiating the Canon DLL-sideloading chain. The campaign exception above 10 hashes is justified by two active variants and distinct executable stages. Public defensive IOC facts are republished with attribution; no report prose is copied.,active
e58831766e8d4313db9f8b85f90c3a840aa0d84cfeac285beefa40e39ad0d1fb,2026-09-24T00:00:00Z,2026-10-01T16:07:54Z,ClickFix-delivered custom RAT,trojanized_dll,Huntress,https://www.huntress.com/blog/chatgpt-custom-gpts-clickfix-rat,high,Huntress report published 2026-09-29 documents at least 40 related incidents and reverse-engineers an active eight-stage ClickFix infection chain from affected hosts. Canon DLL patched by the actor; signature removed and malicious loader import added. The campaign exception above 10 hashes is justified by two active variants and distinct executable stages. Public defensive IOC facts are republished with attribution; no report prose is copied.,active
b77575413c0f97eaf31e4a44c884c1ecdc0049ec89916ceb0bf3aaaedc0442fe,2026-09-24T00:00:00Z,2026-10-01T16:07:54Z,ClickFix-delivered custom RAT,malicious_loader,Huntress,https://www.huntress.com/blog/chatgpt-custom-gpts-clickfix-rat,high,Huntress report published 2026-09-29 documents at least 40 related incidents and reverse-engineers an active eight-stage ClickFix infection chain from affected hosts. Unsigned DLL that decodes and executes the encrypted loader. The campaign exception above 10 hashes is justified by two active variants and distinct executable stages. Public defensive IOC facts are republished with attribution; no report prose is copied.,active
eff5d63ddf1813962f0d8ad1250cea5486c8bb5dd27c3f432b43957a33e43764,2026-09-24T00:00:00Z,2026-10-01T16:07:54Z,ClickFix-delivered custom RAT,malicious_loader,Huntress,https://www.huntress.com/blog/chatgpt-custom-gpts-clickfix-rat,high,Huntress report published 2026-09-29 documents at least 40 related incidents and reverse-engineers an active eight-stage ClickFix infection chain from affected hosts. Native malicious DLL masquerading as an open-source library. The campaign exception above 10 hashes is justified by two active variants and distinct executable stages. Public defensive IOC facts are republished with attribution; no report prose is copied.,active
9c615db040b88c18ce6b96f30d08797045b7d506f940bea452dc7a6992fdbb8d,2026-09-24T00:00:00Z,2026-10-01T16:07:54Z,ClickFix-delivered custom RAT,malicious_loader,Huntress,https://www.huntress.com/blog/chatgpt-custom-gpts-clickfix-rat,high,Huntress report published 2026-09-29 documents at least 40 related incidents and reverse-engineers an active eight-stage ClickFix infection chain from affected hosts. Malicious helper DLL loaded by the actor's loader. The campaign exception above 10 hashes is justified by two active variants and distinct executable stages. Public defensive IOC facts are republished with attribution; no report prose is copied.,active
54c94f85ba6e950903d5ff42c0971c5a9d0741596be26e06afe7d60ec38edf31,2026-09-24T00:00:00Z,2026-10-01T16:07:54Z,ClickFix-delivered custom RAT,malicious_payload_carrier,Huntress,https://www.huntress.com/blog/chatgpt-custom-gpts-clickfix-rat,high,Huntress report published 2026-09-29 documents at least 40 related incidents and reverse-engineers an active eight-stage ClickFix infection chain from affected hosts. WAV carrier containing encrypted executable loader bytes. The campaign exception above 10 hashes is justified by two active variants and distinct executable stages. Public defensive IOC facts are republished with attribution; no report prose is copied.,active
e614b7d5a7a363fb1b355a87e2e8d9e8a05bbbca08f2cee3d606bdb5015ac53b,2026-09-24T00:00:00Z,2026-10-01T16:07:54Z,ClickFix-delivered custom RAT,malicious_archive,Huntress,https://www.huntress.com/blog/chatgpt-custom-gpts-clickfix-rat,high,Huntress report published 2026-09-29 documents at least 40 related incidents and reverse-engineers an active eight-stage ClickFix infection chain from affected hosts. Encrypted custom archive containing persistence script and RAT. The campaign exception above 10 hashes is justified by two active variants and distinct executable stages. Public defensive IOC facts are republished with attribution; no report prose is copied.,active
20c7befc174a61117770535e809046c75e93c71284bf1a9c6cd532f55b315f53,2026-09-24T00:00:00Z,2026-10-01T16:07:54Z,ClickFix-delivered custom RAT,malicious_loader,Huntress,https://www.huntress.com/blog/chatgpt-custom-gpts-clickfix-rat,high,Huntress report published 2026-09-29 documents at least 40 related incidents and reverse-engineers an active eight-stage ClickFix infection chain from affected hosts. Decoded in-memory loader shellcode. The campaign exception above 10 hashes is justified by two active variants and distinct executable stages. Public defensive IOC facts are republished with attribution; no report prose is copied.,active
ab65bbfc505dbe1cebe6021fb36e2011f6aa1d64f5d87cee1cbee3fc2a0c7907,2026-09-24T00:00:00Z,2026-10-01T16:07:54Z,ClickFix-delivered custom RAT,remote_access_trojan,Huntress,https://www.huntress.com/blog/chatgpt-custom-gpts-clickfix-rat,high,"Huntress report published 2026-09-29 documents at least 40 related incidents and reverse-engineers an active eight-stage ClickFix infection chain from affected hosts. Decoded RAT shellcode with remote desktop, surveillance, reconnaissance, and payload execution capabilities. The campaign exception above 10 hashes is justified by two active variants and distinct executable stages. Public defensive IOC facts are republished with attribution; no report prose is copied.",active
91a22cf3154944897cbcaffc7d20d4596e972d280ee134197d41d8d8eefb0fe2,2026-09-27T00:00:00Z,2026-10-01T16:07:54Z,ClickFix-delivered custom RAT,malicious_installer,Huntress,https://www.huntress.com/blog/chatgpt-custom-gpts-clickfix-rat,high,Huntress report published 2026-09-29 documents at least 40 related incidents and reverse-engineers an active eight-stage ClickFix infection chain from affected hosts. V2 malicious MSI initiating the Stardock DLL-sideloading chain. The campaign exception above 10 hashes is justified by two active variants and distinct executable stages. Public defensive IOC facts are republished with attribution; no report prose is copied.,active
0457414c4504b70115798eee9c8384a8bf9e793461ffb2e0661a6dcc6ed4809f,2026-09-27T00:00:00Z,2026-10-01T16:07:54Z,ClickFix-delivered custom RAT,trojanized_dll,Huntress,https://www.huntress.com/blog/chatgpt-custom-gpts-clickfix-rat,high,Huntress report published 2026-09-29 documents at least 40 related incidents and reverse-engineers an active eight-stage ClickFix infection chain from affected hosts. Stardock DLL patched by the actor to import the malicious V2 loader. The campaign exception above 10 hashes is justified by two active variants and distinct executable stages. Public defensive IOC facts are republished with attribution; no report prose is copied.,active
3cd1484cc5bf10e22d79784beba58a75d7b126c46efb5e1a85d6aab884447621,2026-09-27T00:00:00Z,2026-10-01T16:07:54Z,ClickFix-delivered custom RAT,malicious_loader,Huntress,https://www.huntress.com/blog/chatgpt-custom-gpts-clickfix-rat,high,Huntress report published 2026-09-29 documents at least 40 related incidents and reverse-engineers an active eight-stage ClickFix infection chain from affected hosts. V2 loader DLL with forged SharpCompress metadata. The campaign exception above 10 hashes is justified by two active variants and distinct executable stages. Public defensive IOC facts are republished with attribution; no report prose is copied.,active
b59a21a8d4c0c11a9ecbbdbe2a2938499c99c5ebb210c9c6db9683c7ad19f4c4,2026-09-27T00:00:00Z,2026-10-01T16:07:54Z,ClickFix-delivered custom RAT,malicious_loader,Huntress,https://www.huntress.com/blog/chatgpt-custom-gpts-clickfix-rat,high,Huntress report published 2026-09-29 documents at least 40 related incidents and reverse-engineers an active eight-stage ClickFix infection chain from affected hosts. V2 memory-allocation and execution helper DLL. The campaign exception above 10 hashes is justified by two active variants and distinct executable stages. Public defensive IOC facts are republished with attribution; no report prose is copied.,active
a27cafb84876a3374ef4aba1062345def6cd0b029eaf8e0dc44fa24fc943f3c6,2026-09-27T00:00:00Z,2026-10-01T16:07:54Z,ClickFix-delivered custom RAT,malicious_loader,Huntress,https://www.huntress.com/blog/chatgpt-custom-gpts-clickfix-rat,high,Huntress report published 2026-09-29 documents at least 40 related incidents and reverse-engineers an active eight-stage ClickFix infection chain from affected hosts. V2 malicious network helper DLL. The campaign exception above 10 hashes is justified by two active variants and distinct executable stages. Public defensive IOC facts are republished with attribution; no report prose is copied.,active
d3fda1e6cf886fd530bf62e2d16c39ad23ed12a2c933fc211f1f4876ceaa033e,2026-09-27T00:00:00Z,2026-10-01T16:07:54Z,ClickFix-delivered custom RAT,malicious_payload_carrier,Huntress,https://www.huntress.com/blog/chatgpt-custom-gpts-clickfix-rat,high,Huntress report published 2026-09-29 documents at least 40 related incidents and reverse-engineers an active eight-stage ClickFix infection chain from affected hosts. NuGet carrier containing the encrypted V2 loader. The campaign exception above 10 hashes is justified by two active variants and distinct executable stages. Public defensive IOC facts are republished with attribution; no report prose is copied.,active
d5acf44658f0dce90bd160f15d8e07a96938c81661d87dc7e9cb0107863bfb90,2026-09-27T00:00:00Z,2026-10-01T16:07:54Z,ClickFix-delivered custom RAT,malicious_archive,Huntress,https://www.huntress.com/blog/chatgpt-custom-gpts-clickfix-rat,high,Huntress report published 2026-09-29 documents at least 40 related incidents and reverse-engineers an active eight-stage ClickFix infection chain from affected hosts. V2 encrypted archive containing the persistence script and RAT. The campaign exception above 10 hashes is justified by two active variants and distinct executable stages. Public defensive IOC facts are republished with attribution; no report prose is copied.,active
9707a8694e954e9ee13e839d6e5905ce626c0837c7c90da6d1025bfbe152866b,2026-01-01T00:00:00Z,2026-10-01T16:07:54Z,CosmicPulse / RedFlick (Star Blizzard),malicious_delivery_archive,Microsoft Threat Intelligence,https://www.microsoft.com/en-us/security/blog/2026/09/29/star-blizzard-refines-phishing-and-malware-delivery-with-the-redflick-technique/,high,"Microsoft report published 2026-09-29 directly lists this SHA-256 and ties it to Star Blizzard's current RedFlick delivery of the CosmicPulse backdoor; Microsoft Defender names Trojan:Script/RedFlick and Backdoor:Python/CosmicPulse. Password-protected ZIP used in the January Ukraine campaign. The source provides only the observation month, so first_seen_utc uses that source-stated month's first day at 00:00:00Z. Public defensive IOC facts are republished with attribution.",active
1f2096ff906915fbf80778f0636446206197351f7e271af97936eeb6f32c179d,2026-01-01T00:00:00Z,2026-10-01T16:07:54Z,CosmicPulse / RedFlick (Star Blizzard),malicious_delivery_image,Microsoft Threat Intelligence,https://www.microsoft.com/en-us/security/blog/2026/09/29/star-blizzard-refines-phishing-and-malware-delivery-with-the-redflick-technique/,high,"Microsoft report published 2026-09-29 directly lists this SHA-256 and ties it to Star Blizzard's current RedFlick delivery of the CosmicPulse backdoor; Microsoft Defender names Trojan:Script/RedFlick and Backdoor:Python/CosmicPulse. VHDX contained in the January malicious ZIP and used in the same campaign. The source provides only the observation month, so first_seen_utc uses that source-stated month's first day at 00:00:00Z. Public defensive IOC facts are republished with attribution.",active
699e92a9e0edf7835879d5697bc67138c0b137117f459caf1a44df357407cad9,2026-06-01T00:00:00Z,2026-10-01T16:07:54Z,CosmicPulse / RedFlick (Star Blizzard),malicious_delivery_archive,Microsoft Threat Intelligence,https://www.microsoft.com/en-us/security/blog/2026/09/29/star-blizzard-refines-phishing-and-malware-delivery-with-the-redflick-technique/,high,"Microsoft report published 2026-09-29 directly lists this SHA-256 and ties it to Star Blizzard's current RedFlick delivery of the CosmicPulse backdoor; Microsoft Defender names Trojan:Script/RedFlick and Backdoor:Python/CosmicPulse. Password-protected RAR used in the June invitation campaign. The source provides only the observation month, so first_seen_utc uses that source-stated month's first day at 00:00:00Z. Public defensive IOC facts are republished with attribution.",active
24b6e36a09eb2acfc2a95478ca685acb7593b1689be6a4a639fe0d222393cfa7,2026-07-01T00:00:00Z,2026-10-01T16:07:54Z,CosmicPulse / RedFlick (Star Blizzard),malicious_delivery_archive,Microsoft Threat Intelligence,https://www.microsoft.com/en-us/security/blog/2026/09/29/star-blizzard-refines-phishing-and-malware-delivery-with-the-redflick-technique/,high,"Microsoft report published 2026-09-29 directly lists this SHA-256 and ties it to Star Blizzard's current RedFlick delivery of the CosmicPulse backdoor; Microsoft Defender names Trojan:Script/RedFlick and Backdoor:Python/CosmicPulse. Password-protected RAR used in the July roundtable campaign. The source provides only the observation month, so first_seen_utc uses that source-stated month's first day at 00:00:00Z. Public defensive IOC facts are republished with attribution.",active
dd98dbc1a55afe6fd0ed2ed53a79c76f6bde15081a0060422185b74eb1799ee4,2026-08-01T00:00:00Z,2026-10-01T16:07:54Z,CosmicPulse / RedFlick (Star Blizzard),malicious_delivery_archive,Microsoft Threat Intelligence,https://www.microsoft.com/en-us/security/blog/2026/09/29/star-blizzard-refines-phishing-and-malware-delivery-with-the-redflick-technique/,high,"Microsoft report published 2026-09-29 directly lists this SHA-256 and ties it to Star Blizzard's current RedFlick delivery of the CosmicPulse backdoor; Microsoft Defender names Trojan:Script/RedFlick and Backdoor:Python/CosmicPulse. Target-unique ZIP used in the August payment-notice campaign. The source provides only the observation month, so first_seen_utc uses that source-stated month's first day at 00:00:00Z. Public defensive IOC facts are republished with attribution.",active
3e26e006210ed398f98c090e9f1c982e76b3b73f1ce3e04ee1bf8d45c56e1a89,2026-09-24T00:00:00Z,2026-10-01T16:07:54Z,Macfinger macOS information stealer,information_stealer,SANS Internet Storm Center,https://isc.sans.edu/diary/A%20Closer%20Look%20at%20Malware%20From%20the%20Macfinger%20ClickFix%20Campaign/33368,high,"SANS ISC report published 2026-09-25 documents controlled execution on a physical macOS host during the active Macfinger ClickFix campaign, observes credential exfiltration and persistence, and directly identifies this SHA-256. Actor-modified arm64 Mach-O saved as com.apple.periodic. The source supplies the observation date without time, normalized to 00:00:00Z. Public defensive IOC facts are republished with attribution.",active
4a5952849232691849ed900609d7ff271ce296fe3cee4a81b58c28f2839fb5b6,2026-09-24T00:00:00Z,2026-10-01T16:07:54Z,Macfinger macOS information stealer,information_stealer,SANS Internet Storm Center,https://isc.sans.edu/diary/A%20Closer%20Look%20at%20Malware%20From%20the%20Macfinger%20ClickFix%20Campaign/33368,high,"SANS ISC report published 2026-09-25 documents controlled execution on a physical macOS host during the active Macfinger ClickFix campaign, observes credential exfiltration and persistence, and directly identifies this SHA-256. Persistent actor-modified arm64 Mach-O saved as SoftwareUpdate.bin. The source supplies the observation date without time, normalized to 00:00:00Z. Public defensive IOC facts are republished with attribution.",active
408b2df6e81824fa5bdf4f0fbd185a7e6db06e2be98fbeebce416f66954b9fa9,2026-08-01T00:00:00Z,2026-10-01T16:07:54Z,LausivLoader,malicious_script,SANS Internet Storm Center,https://isc.sans.edu/diary/LausivLoader%2Banalysis%2Bor%2Bhow%2Bto%2Bpass%2Bdata%2Bbetween%2Bmalware%2Bstages/33348/,high,"SANS ISC report published 2026-09-17 reverse-engineers an end-of-August malspam chain and directly lists this SHA-256. Malspam-delivered JavaScript attachment; SANS reports 28/55 VirusTotal detection and LausivLoader family labels. The source states only August for first observation, so first_seen_utc uses the beginning of that source-stated month at 00:00:00Z. Public defensive IOC facts are republished with attribution.",active
e4130bf8769a50106a963b6a43dfd4fe5b56c70eae76a0de971d25993159acfe,2026-08-01T00:00:00Z,2026-10-01T16:07:54Z,LausivLoader,malware_loader,SANS Internet Storm Center,https://isc.sans.edu/diary/LausivLoader%2Banalysis%2Bor%2Bhow%2Bto%2Bpass%2Bdata%2Bbetween%2Bmalware%2Bstages/33348/,high,"SANS ISC report published 2026-09-17 reverse-engineers an end-of-August malspam chain and directly lists this SHA-256. First .NET loader decoded from the malicious script. The source states only August for first observation, so first_seen_utc uses the beginning of that source-stated month at 00:00:00Z. Public defensive IOC facts are republished with attribution.",active
be73e8b06c4356b5b4644d69b4f426bb3b32b4bf9f14cc5743f17532799f760b,2026-08-01T00:00:00Z,2026-10-01T16:07:54Z,LausivLoader,malware_downloader,SANS Internet Storm Center,https://isc.sans.edu/diary/LausivLoader%2Banalysis%2Bor%2Bhow%2Bto%2Bpass%2Bdata%2Bbetween%2Bmalware%2Bstages/33348/,high,"SANS ISC report published 2026-09-17 reverse-engineers an end-of-August malspam chain and directly lists this SHA-256. Second .NET downloader recovered after RC4 decryption; patches AMSI and retrieves a steganographic payload. The source states only August for first observation, so first_seen_utc uses the beginning of that source-stated month at 00:00:00Z. Public defensive IOC facts are republished with attribution.",active
e842dd7642c8e04b5ec20b6393848a9c904e4832930950c16664fe7800ba382e,2026-05-21T00:00:00Z,2026-10-01T16:07:54Z,NeedyMantis,backdoor_loader,Microsoft Threat Intelligence,https://www.microsoft.com/en-us/security/blog/2026/09/28/needymantis-unpacking-a-post-compromise-malware-family-used-in-targeted-operations/,high,"Microsoft report published 2026-09-28 directly identifies this SHA-256 in selective, ongoing post-compromise operations against telecommunications, universities, government contractors, and other organizations; Microsoft Defender names TrojanDropper:Win64/NeedyMantis and Behavior:Win64/NeedyMantis. First-stage malicious WinSparkle.dll loader; Defender detects TrojanDropper:Win64/NeedyMantis. Source first-seen date is normalized to 00:00:00Z. Public defensive IOC facts are republished with attribution.",active
9cb68f986043a576e19d32184c583b7d8f571c7219d8dc0065dced1c13f077ef,2026-05-23T00:00:00Z,2026-10-01T16:07:54Z,NeedyMantis,malicious_archive,Microsoft Threat Intelligence,https://www.microsoft.com/en-us/security/blog/2026/09/28/needymantis-unpacking-a-post-compromise-malware-family-used-in-targeted-operations/,high,"Microsoft report published 2026-09-28 directly identifies this SHA-256 in selective, ongoing post-compromise operations against telecommunications, universities, government contractors, and other organizations; Microsoft Defender names TrojanDropper:Win64/NeedyMantis and Behavior:Win64/NeedyMantis. Encrypted WinSparkle archive containing NeedyMantis second-stage and communications components. Source first-seen date is normalized to 00:00:00Z. Public defensive IOC facts are republished with attribution.",active
c82520eb03c084226be4eafbff46f56dca0aa8804a2a7f23a085a96afe71ef77,2025-10-03T00:00:00Z,2026-10-01T16:07:54Z,NeedyMantis,malicious_archive,Microsoft Threat Intelligence,https://www.microsoft.com/en-us/security/blog/2026/09/28/needymantis-unpacking-a-post-compromise-malware-family-used-in-targeted-operations/,high,"Microsoft report published 2026-09-28 directly identifies this SHA-256 in selective, ongoing post-compromise operations against telecommunications, universities, government contractors, and other organizations; Microsoft Defender names TrojanDropper:Win64/NeedyMantis and Behavior:Win64/NeedyMantis. Older encrypted libcurl archive containing NeedyMantis configuration, communications, persistence, and main components. Source first-seen date is normalized to 00:00:00Z. Public defensive IOC facts are republished with attribution.",active
dee5af1c0f76b45d28bafd6e60c07bb8e391d98addf81ef8f13d073acdb3c48a,2026-07-28T00:00:00Z,2026-10-02T16:09:02Z,CVE-2026-73570 Zimbra exploitation,backdoor_or_loader,Microsoft Threat Intelligence,https://www.microsoft.com/en-us/security/blog/2026/09/30/unauthenticated-command-injection-on-internet-facing-mail-servers-tracking-cve-2026-73570/,high,"Microsoft's 2026-09-30 investigation directly publishes this exact SHA-256 and identifies it as de.sh shell-stage payload used in the exploitation chain in confirmed active exploitation of internet-facing Zimbra servers across multiple regions and sectors. Microsoft observed web shells, reverse shells, persistence, credential and mailbox collection, and names Defender detections including Chopper, GodzillaWebShell, Looptik, and Dirtelti across the campaign. The report's stated activity interval begins 2026-07-28; the date-only interval is normalized to 00:00:00Z. Public defensive IOC facts are republished with attribution.",active
6ab7de2509038edf580aef6229c1c3db17f4da8f2d7d940818faf617d1938244,2026-07-28T00:00:00Z,2026-10-02T16:09:02Z,CVE-2026-73570 Zimbra exploitation,backdoor_or_loader,Microsoft Threat Intelligence,https://www.microsoft.com/en-us/security/blog/2026/09/30/unauthenticated-command-injection-on-internet-facing-mail-servers-tracking-cve-2026-73570/,high,"Microsoft's 2026-09-30 investigation directly publishes this exact SHA-256 and identifies it as agent2.sh malicious downloader and execution stage in confirmed active exploitation of internet-facing Zimbra servers across multiple regions and sectors. Microsoft observed web shells, reverse shells, persistence, credential and mailbox collection, and names Defender detections including Chopper, GodzillaWebShell, Looptik, and Dirtelti across the campaign. The report's stated activity interval begins 2026-07-28; the date-only interval is normalized to 00:00:00Z. Public defensive IOC facts are republished with attribution.",active
bf28f38122bf20d5fac969cc414daa6a890cdea872d389ca93d2092b6b7773cf,2026-07-28T00:00:00Z,2026-10-02T16:09:02Z,CVE-2026-73570 Zimbra exploitation,backdoor_or_loader,Microsoft Threat Intelligence,https://www.microsoft.com/en-us/security/blog/2026/09/30/unauthenticated-command-injection-on-internet-facing-mail-servers-tracking-cve-2026-73570/,high,"Microsoft's 2026-09-30 investigation directly publishes this exact SHA-256 and identifies it as Zimdown2 backdoor installer in confirmed active exploitation of internet-facing Zimbra servers across multiple regions and sectors. Microsoft observed web shells, reverse shells, persistence, credential and mailbox collection, and names Defender detections including Chopper, GodzillaWebShell, Looptik, and Dirtelti across the campaign. The report's stated activity interval begins 2026-07-28; the date-only interval is normalized to 00:00:00Z. Public defensive IOC facts are republished with attribution.",active
b594a42b8f1c6f090327bb9a3361c2d3515537fb7ac8da6b9061b9a3f330e159,2026-07-28T00:00:00Z,2026-10-02T16:09:02Z,CVE-2026-73570 Zimbra exploitation,backdoor_or_loader,Microsoft Threat Intelligence,https://www.microsoft.com/en-us/security/blog/2026/09/30/unauthenticated-command-injection-on-internet-facing-mail-servers-tracking-cve-2026-73570/,high,"Microsoft's 2026-09-30 investigation directly publishes this exact SHA-256 and identifies it as Zimclient2 full remote-access backdoor in confirmed active exploitation of internet-facing Zimbra servers across multiple regions and sectors. Microsoft observed web shells, reverse shells, persistence, credential and mailbox collection, and names Defender detections including Chopper, GodzillaWebShell, Looptik, and Dirtelti across the campaign. The report's stated activity interval begins 2026-07-28; the date-only interval is normalized to 00:00:00Z. Public defensive IOC facts are republished with attribution.",active
22ef852f6ebc39ee71235b90648b4b200b385c47d25c79545986493f8c70db69,2026-07-28T00:00:00Z,2026-10-02T16:09:02Z,CVE-2026-73570 Zimbra exploitation,backdoor_or_loader,Microsoft Threat Intelligence,https://www.microsoft.com/en-us/security/blog/2026/09/30/unauthenticated-command-injection-on-internet-facing-mail-servers-tracking-cve-2026-73570/,high,"Microsoft's 2026-09-30 investigation directly publishes this exact SHA-256 and identifies it as loader staged as systemd-resolved that installs _chronyd and decodes an in-memory stage in confirmed active exploitation of internet-facing Zimbra servers across multiple regions and sectors. Microsoft observed web shells, reverse shells, persistence, credential and mailbox collection, and names Defender detections including Chopper, GodzillaWebShell, Looptik, and Dirtelti across the campaign. The report's stated activity interval begins 2026-07-28; the date-only interval is normalized to 00:00:00Z. Public defensive IOC facts are republished with attribution.",active
518fe65dd349180191d9b258ab24876aaed6613cd657d0b626d1fc24e03a22b6,2026-07-28T00:00:00Z,2026-10-02T16:09:02Z,CVE-2026-73570 Zimbra exploitation,backdoor_or_loader,Microsoft Threat Intelligence,https://www.microsoft.com/en-us/security/blog/2026/09/30/unauthenticated-command-injection-on-internet-facing-mail-servers-tracking-cve-2026-73570/,high,"Microsoft's 2026-09-30 investigation directly publishes this exact SHA-256 and identifies it as decoded in-memory Base-chain command agent in confirmed active exploitation of internet-facing Zimbra servers across multiple regions and sectors. Microsoft observed web shells, reverse shells, persistence, credential and mailbox collection, and names Defender detections including Chopper, GodzillaWebShell, Looptik, and Dirtelti across the campaign. The report's stated activity interval begins 2026-07-28; the date-only interval is normalized to 00:00:00Z. Public defensive IOC facts are republished with attribution.",active
974b69782fdf5d67b97cfd508465939e44ee10798dbcc1e82b92d78776bad938,2026-09-30T00:00:00Z,2026-10-02T16:09:02Z,CVE-2026-88771 NetScaler exploitation,post_exploitation_payload,LevelBlue SpiderLabs,https://www.levelblue.com/blogs/spiderlabs-blog/citrix-netscaler-cve-2026-88771-observed-exploitation-artifacts-and-hunt-indicators,high,"LevelBlue THOR's 2026-09-30 incident investigation directly publishes this exact SHA-256 for update_c08937.pl. The Perl payload creates a privileged sec_monitor account, stages and attempts to exfiltrate NetScaler configuration, sets a SUID shell, deploys a password-gated PHP web shell, and alters HTTP configuration during observed active CVE-2026-88771 exploitation across customer environments. Publication/observation date only is normalized to 00:00:00Z. Public defensive IOC facts are republished with attribution.",active
e9fe43968c6c0955300e3bc4d7fb0b05a18570b4733aaf4f5c6f7f09be5a242c,2026-09-30T00:00:00Z,2026-10-02T16:09:02Z,CVE-2026-88771 NetScaler exploitation,reverse_shell,LevelBlue SpiderLabs,https://www.levelblue.com/blogs/spiderlabs-blog/citrix-netscaler-cve-2026-88771-observed-exploitation-artifacts-and-hunt-indicators,high,LevelBlue THOR's 2026-09-30 incident investigation directly publishes this exact SHA-256 for main.py. The payload overwrites /var/python/bin/customsnmpd with a Python reverse shell connecting to attacker infrastructure during observed active CVE-2026-88771 exploitation across customer environments. Publication/observation date only is normalized to 00:00:00Z. Public defensive IOC facts are republished with attribution.,active
116ca4e88a1bcebb6c0da7fb431c8eca7b8ef3f9767194820c56091972ccac2c,2026-07-22T00:00:00Z,2026-10-02T16:09:02Z,Warlock / Longlegs,ransomware,Symantec Threat Hunter Team / Broadcom,https://www.security.com/threat-intelligence/warlock-ransomware-critical-infrastructure,high,"Symantec Threat Hunter Team's 2026-10-01 report directly publishes this exact SHA-256 as Warlock ransomware in Longlegs (Storm-2603) intrusions against a water utility, telecommunications provider, regional government, and university. Investigators observed SharePoint exploitation, defense evasion, and Warlock deployment to at least 33 hosts; Symantec states its endpoint products detect and block available malicious IOCs. The report's incident interval begins 2026-07-22; the date-only interval is normalized to 00:00:00Z. Public defensive IOC facts are republished with attribution.",active
155fb1cbdaea12c83ba92d18c88cf38bbc42bb684f913ca0bc26fcf115426a55,2026-07-22T00:00:00Z,2026-10-02T16:09:02Z,Warlock / Longlegs,ransomware,Symantec Threat Hunter Team / Broadcom,https://www.security.com/threat-intelligence/warlock-ransomware-critical-infrastructure,high,"Symantec Threat Hunter Team's 2026-10-01 report directly publishes this exact SHA-256 as Warlock ransomware in Longlegs (Storm-2603) intrusions against a water utility, telecommunications provider, regional government, and university. Investigators observed SharePoint exploitation, defense evasion, and Warlock deployment to at least 33 hosts; Symantec states its endpoint products detect and block available malicious IOCs. The report's incident interval begins 2026-07-22; the date-only interval is normalized to 00:00:00Z. Public defensive IOC facts are republished with attribution.",active
1edb2c0b537cd95bbd5fc16321b4c38a6adf325ccc7b588ad6acc980b0463b60,2026-07-22T00:00:00Z,2026-10-02T16:09:02Z,Warlock / Longlegs,malicious_dll,Symantec Threat Hunter Team / Broadcom,https://www.security.com/threat-intelligence/warlock-ransomware-critical-infrastructure,high,"Symantec Threat Hunter Team's 2026-10-01 report directly publishes this exact SHA-256 as a malicious DLL in Longlegs (Storm-2603) intrusions against a water utility, telecommunications provider, regional government, and university. Investigators observed SharePoint exploitation, defense evasion, and Warlock deployment to at least 33 hosts; Symantec states its endpoint products detect and block available malicious IOCs. The report's incident interval begins 2026-07-22; the date-only interval is normalized to 00:00:00Z. Public defensive IOC facts are republished with attribution.",active
206f27ae820783b7755bca89f83a0fe096dbb510018dd65b63fc80bd20c03261,2026-07-22T00:00:00Z,2026-10-02T16:09:02Z,Warlock / Longlegs,malicious_dll,Symantec Threat Hunter Team / Broadcom,https://www.security.com/threat-intelligence/warlock-ransomware-critical-infrastructure,high,"Symantec Threat Hunter Team's 2026-10-01 report directly publishes this exact SHA-256 as a malicious DLL in Longlegs (Storm-2603) intrusions against a water utility, telecommunications provider, regional government, and university. Investigators observed SharePoint exploitation, defense evasion, and Warlock deployment to at least 33 hosts; Symantec states its endpoint products detect and block available malicious IOCs. The report's incident interval begins 2026-07-22; the date-only interval is normalized to 00:00:00Z. Public defensive IOC facts are republished with attribution.",active
27b7591cf9e1283010ca98fa5dbe970a73fee0d8cde277639924c144718db7c0,2026-07-22T00:00:00Z,2026-10-02T16:09:02Z,Warlock / Longlegs,malicious_dll,Symantec Threat Hunter Team / Broadcom,https://www.security.com/threat-intelligence/warlock-ransomware-critical-infrastructure,high,"Symantec Threat Hunter Team's 2026-10-01 report directly publishes this exact SHA-256 as a malicious DLL in Longlegs (Storm-2603) intrusions against a water utility, telecommunications provider, regional government, and university. Investigators observed SharePoint exploitation, defense evasion, and Warlock deployment to at least 33 hosts; Symantec states its endpoint products detect and block available malicious IOCs. The report's incident interval begins 2026-07-22; the date-only interval is normalized to 00:00:00Z. Public defensive IOC facts are republished with attribution.",active
6d07f1232dc59b84038fd0b2e75fdd3d5b825882bb0dba9e6724b7b0823fa3ad,2026-07-22T00:00:00Z,2026-10-02T16:09:02Z,Warlock / Longlegs,ransomware,Symantec Threat Hunter Team / Broadcom,https://www.security.com/threat-intelligence/warlock-ransomware-critical-infrastructure,high,"Symantec Threat Hunter Team's 2026-10-01 report directly publishes this exact SHA-256 as Warlock ransomware in Longlegs (Storm-2603) intrusions against a water utility, telecommunications provider, regional government, and university. Investigators observed SharePoint exploitation, defense evasion, and Warlock deployment to at least 33 hosts; Symantec states its endpoint products detect and block available malicious IOCs. The report's incident interval begins 2026-07-22; the date-only interval is normalized to 00:00:00Z. Public defensive IOC facts are republished with attribution.",active
8b58f7811a2a2f2a5024220490473774f02759dd2dd904b5b9fabfbaae37125f,2026-07-22T00:00:00Z,2026-10-02T16:09:02Z,Warlock / Longlegs,ransomware,Symantec Threat Hunter Team / Broadcom,https://www.security.com/threat-intelligence/warlock-ransomware-critical-infrastructure,high,"Symantec Threat Hunter Team's 2026-10-01 report directly publishes this exact SHA-256 as Warlock ransomware in Longlegs (Storm-2603) intrusions against a water utility, telecommunications provider, regional government, and university. Investigators observed SharePoint exploitation, defense evasion, and Warlock deployment to at least 33 hosts; Symantec states its endpoint products detect and block available malicious IOCs. The report's incident interval begins 2026-07-22; the date-only interval is normalized to 00:00:00Z. Public defensive IOC facts are republished with attribution.",active
8ce8d8270ee9de02644530b8dd7fa78973b4a3b80f121e2c5f45ae68cce196f9,2026-07-22T00:00:00Z,2026-10-02T16:09:02Z,Warlock / Longlegs,ransomware,Symantec Threat Hunter Team / Broadcom,https://www.security.com/threat-intelligence/warlock-ransomware-critical-infrastructure,high,"Symantec Threat Hunter Team's 2026-10-01 report directly publishes this exact SHA-256 as Warlock ransomware in Longlegs (Storm-2603) intrusions against a water utility, telecommunications provider, regional government, and university. Investigators observed SharePoint exploitation, defense evasion, and Warlock deployment to at least 33 hosts; Symantec states its endpoint products detect and block available malicious IOCs. The report's incident interval begins 2026-07-22; the date-only interval is normalized to 00:00:00Z. Public defensive IOC facts are republished with attribution.",active
c46825fcc0d1bf7a8b192facb176d6bf916c9dccfd6fa994be691e3b0e585f4e,2026-07-22T00:00:00Z,2026-10-02T16:09:02Z,Warlock / Longlegs,malicious_dll,Symantec Threat Hunter Team / Broadcom,https://www.security.com/threat-intelligence/warlock-ransomware-critical-infrastructure,high,"Symantec Threat Hunter Team's 2026-10-01 report directly publishes this exact SHA-256 as a malicious DLL in Longlegs (Storm-2603) intrusions against a water utility, telecommunications provider, regional government, and university. Investigators observed SharePoint exploitation, defense evasion, and Warlock deployment to at least 33 hosts; Symantec states its endpoint products detect and block available malicious IOCs. The report's incident interval begins 2026-07-22; the date-only interval is normalized to 00:00:00Z. Public defensive IOC facts are republished with attribution.",active
e14240bac8277b0f6dd4d29ab5da20d246bcccae647e5fe8d19cdae7fe471b20,2026-07-22T00:00:00Z,2026-10-02T16:09:02Z,Warlock / Longlegs,malicious_dll,Symantec Threat Hunter Team / Broadcom,https://www.security.com/threat-intelligence/warlock-ransomware-critical-infrastructure,high,"Symantec Threat Hunter Team's 2026-10-01 report directly publishes this exact SHA-256 as a malicious DLL in Longlegs (Storm-2603) intrusions against a water utility, telecommunications provider, regional government, and university. Investigators observed SharePoint exploitation, defense evasion, and Warlock deployment to at least 33 hosts; Symantec states its endpoint products detect and block available malicious IOCs. The report's incident interval begins 2026-07-22; the date-only interval is normalized to 00:00:00Z. Public defensive IOC facts are republished with attribution.",active
74dfa21b837c0c4e6abd428a1370ccd8779428d2c9362981a06ce26c6a58b353,2026-09-17T00:00:00Z,2026-10-02T16:09:02Z,CloudSyncD,trojan_dropper,Jamf Threat Labs,https://www.jamf.com/blog/cloudsyncd-macos-backdoor-fake-zoom-installer/,high,"Jamf Threat Labs' 2026-09-30 analysis directly publishes this exact SHA-256 as a live thin-architecture CloudSyncD stage-one dropper. Jamf observed live builds configured against active command-and-control infrastructure after September 17; the fake Zoom installer bypasses Gatekeeper guidance, validates a phished administrator password, and launches an embedded persistent backdoor. Development-only and partial-content hashes were excluded. The source-stated live-build date is normalized to 00:00:00Z. Public defensive IOC facts are republished with attribution.",active
5f2aebc518a56ebe0cc9171553e2c5973ddbfa79042c1c76b665d8b465c1695d,2026-09-17T00:00:00Z,2026-10-02T16:09:02Z,CloudSyncD,trojan_dropper,Jamf Threat Labs,https://www.jamf.com/blog/cloudsyncd-macos-backdoor-fake-zoom-installer/,high,"Jamf Threat Labs' 2026-09-30 analysis directly publishes this exact SHA-256 as a live thin-architecture CloudSyncD stage-one dropper. Jamf observed live builds configured against active command-and-control infrastructure after September 17; the fake Zoom installer bypasses Gatekeeper guidance, validates a phished administrator password, and launches an embedded persistent backdoor. Development-only and partial-content hashes were excluded. The source-stated live-build date is normalized to 00:00:00Z. Public defensive IOC facts are republished with attribution.",active
cc54d90920a73cc5e176664f61c6f601c95d693e431e79ae1148cb91e83c9235,2026-09-17T00:00:00Z,2026-10-02T16:09:02Z,CloudSyncD,trojan_dropper,Jamf Threat Labs,https://www.jamf.com/blog/cloudsyncd-macos-backdoor-fake-zoom-installer/,high,"Jamf Threat Labs' 2026-09-30 analysis directly publishes this exact SHA-256 as a live thin-architecture CloudSyncD stage-one dropper. Jamf observed live builds configured against active command-and-control infrastructure after September 17; the fake Zoom installer bypasses Gatekeeper guidance, validates a phished administrator password, and launches an embedded persistent backdoor. Development-only and partial-content hashes were excluded. The source-stated live-build date is normalized to 00:00:00Z. Public defensive IOC facts are republished with attribution.",active
989c2235b3deec9a0d7cb3eb10d8148735cb704dc85de4e16211381fa794dca1,2026-09-17T00:00:00Z,2026-10-02T16:09:02Z,CloudSyncD,trojan_dropper,Jamf Threat Labs,https://www.jamf.com/blog/cloudsyncd-macos-backdoor-fake-zoom-installer/,high,"Jamf Threat Labs' 2026-09-30 analysis directly publishes this exact SHA-256 as a live thin-architecture CloudSyncD stage-one dropper. Jamf observed live builds configured against active command-and-control infrastructure after September 17; the fake Zoom installer bypasses Gatekeeper guidance, validates a phished administrator password, and launches an embedded persistent backdoor. Development-only and partial-content hashes were excluded. The source-stated live-build date is normalized to 00:00:00Z. Public defensive IOC facts are republished with attribution.",active
5edcaa75a28e5cd700bf7643b275fe5d28649aa41a0711f391ec1fca795a4e8a,2026-08-01T00:00:00Z,2026-10-02T16:09:02Z,2CLoader,malware_loader,Zscaler ThreatLabz,https://www.zscaler.com/mx/blogs/security-research/2cloader-new-malware-loader-delivering-vidar-and-remus,high,"Zscaler ThreatLabz's 2026-09-30 technical report directly publishes this exact SHA-256 as a 2CLoader sample and names the Win64.Loader.2CLoader detection. The loader uses anti-VM, anti-debugging, indirect system calls, encrypted payload resources, and multiple execution and persistence methods; ThreatLabz observed it delivering Vidar and Remus information stealers and XWorm. The report states identification during August 2026; that source interval is normalized to its beginning at 00:00:00Z. Public defensive IOC facts are republished with attribution.",active
0017821181723261801e24abb9d33c739f382889d46dbf46d320c87ac62e5ca6,2026-08-01T00:00:00Z,2026-10-02T16:09:02Z,2CLoader,malware_loader,Zscaler ThreatLabz,https://www.zscaler.com/mx/blogs/security-research/2cloader-new-malware-loader-delivering-vidar-and-remus,high,"Zscaler ThreatLabz's 2026-09-30 technical report directly publishes this exact SHA-256 as a 2CLoader sample and names the Win64.Loader.2CLoader detection. The loader uses anti-VM, anti-debugging, indirect system calls, encrypted payload resources, and multiple execution and persistence methods; ThreatLabz observed it delivering Vidar and Remus information stealers and XWorm. The report states identification during August 2026; that source interval is normalized to its beginning at 00:00:00Z. Public defensive IOC facts are republished with attribution.",active
06185d74edbdc06f99095e96f74aa2e49a1cda2d02a294c11a9ac35a0231075e,2026-08-01T00:00:00Z,2026-10-02T16:09:02Z,2CLoader,malware_loader,Zscaler ThreatLabz,https://www.zscaler.com/mx/blogs/security-research/2cloader-new-malware-loader-delivering-vidar-and-remus,high,"Zscaler ThreatLabz's 2026-09-30 technical report directly publishes this exact SHA-256 as a 2CLoader sample and names the Win64.Loader.2CLoader detection. The loader uses anti-VM, anti-debugging, indirect system calls, encrypted payload resources, and multiple execution and persistence methods; ThreatLabz observed it delivering Vidar and Remus information stealers and XWorm. The report states identification during August 2026; that source interval is normalized to its beginning at 00:00:00Z. Public defensive IOC facts are republished with attribution.",active
066d83b98a2081e0bb075c94376aebc9b0fd6499025cab1762d83bbb4d7576c6,2026-08-01T00:00:00Z,2026-10-02T16:09:02Z,2CLoader,malware_loader,Zscaler ThreatLabz,https://www.zscaler.com/mx/blogs/security-research/2cloader-new-malware-loader-delivering-vidar-and-remus,high,"Zscaler ThreatLabz's 2026-09-30 technical report directly publishes this exact SHA-256 as a 2CLoader sample and names the Win64.Loader.2CLoader detection. The loader uses anti-VM, anti-debugging, indirect system calls, encrypted payload resources, and multiple execution and persistence methods; ThreatLabz observed it delivering Vidar and Remus information stealers and XWorm. The report states identification during August 2026; that source interval is normalized to its beginning at 00:00:00Z. Public defensive IOC facts are republished with attribution.",active
0a2ef2c360cf6e3e3e5d844ca03fecc31924ba0e8c3ecd8aefa778cae10fb19e,2026-08-01T00:00:00Z,2026-10-02T16:09:02Z,2CLoader,malware_loader,Zscaler ThreatLabz,https://www.zscaler.com/mx/blogs/security-research/2cloader-new-malware-loader-delivering-vidar-and-remus,high,"Zscaler ThreatLabz's 2026-09-30 technical report directly publishes this exact SHA-256 as a 2CLoader sample and names the Win64.Loader.2CLoader detection. The loader uses anti-VM, anti-debugging, indirect system calls, encrypted payload resources, and multiple execution and persistence methods; ThreatLabz observed it delivering Vidar and Remus information stealers and XWorm. The report states identification during August 2026; that source interval is normalized to its beginning at 00:00:00Z. Public defensive IOC facts are republished with attribution.",active
0d2abd7d872196abd951f1d7ed6406486499e5d5acc04f28fcd4f45b1851711e,2026-08-01T00:00:00Z,2026-10-02T16:09:02Z,2CLoader,malware_loader,Zscaler ThreatLabz,https://www.zscaler.com/mx/blogs/security-research/2cloader-new-malware-loader-delivering-vidar-and-remus,high,"Zscaler ThreatLabz's 2026-09-30 technical report directly publishes this exact SHA-256 as a 2CLoader sample and names the Win64.Loader.2CLoader detection. The loader uses anti-VM, anti-debugging, indirect system calls, encrypted payload resources, and multiple execution and persistence methods; ThreatLabz observed it delivering Vidar and Remus information stealers and XWorm. The report states identification during August 2026; that source interval is normalized to its beginning at 00:00:00Z. Public defensive IOC facts are republished with attribution.",active
0e4d6c385922938ecc1962dbc7e5950b086459b172b70a945414cffe4395aa27,2026-08-01T00:00:00Z,2026-10-02T16:09:02Z,2CLoader,malware_loader,Zscaler ThreatLabz,https://www.zscaler.com/mx/blogs/security-research/2cloader-new-malware-loader-delivering-vidar-and-remus,high,"Zscaler ThreatLabz's 2026-09-30 technical report directly publishes this exact SHA-256 as a 2CLoader sample and names the Win64.Loader.2CLoader detection. The loader uses anti-VM, anti-debugging, indirect system calls, encrypted payload resources, and multiple execution and persistence methods; ThreatLabz observed it delivering Vidar and Remus information stealers and XWorm. The report states identification during August 2026; that source interval is normalized to its beginning at 00:00:00Z. Public defensive IOC facts are republished with attribution.",active
0ee6df8a309443c86c0bba8b376f39531513d3451b46bebd4b79bb9d5bf8dcb1,2026-08-01T00:00:00Z,2026-10-02T16:09:02Z,2CLoader,malware_loader,Zscaler ThreatLabz,https://www.zscaler.com/mx/blogs/security-research/2cloader-new-malware-loader-delivering-vidar-and-remus,high,"Zscaler ThreatLabz's 2026-09-30 technical report directly publishes this exact SHA-256 as a 2CLoader sample and names the Win64.Loader.2CLoader detection. The loader uses anti-VM, anti-debugging, indirect system calls, encrypted payload resources, and multiple execution and persistence methods; ThreatLabz observed it delivering Vidar and Remus information stealers and XWorm. The report states identification during August 2026; that source interval is normalized to its beginning at 00:00:00Z. Public defensive IOC facts are republished with attribution.",active
1337ed6fe9c6205b569670a40eab42b51ba69c5c1724d61474e8595acd90ecfb,2026-08-01T00:00:00Z,2026-10-02T16:09:02Z,2CLoader,malware_loader,Zscaler ThreatLabz,https://www.zscaler.com/mx/blogs/security-research/2cloader-new-malware-loader-delivering-vidar-and-remus,high,"Zscaler ThreatLabz's 2026-09-30 technical report directly publishes this exact SHA-256 as a 2CLoader sample and names the Win64.Loader.2CLoader detection. The loader uses anti-VM, anti-debugging, indirect system calls, encrypted payload resources, and multiple execution and persistence methods; ThreatLabz observed it delivering Vidar and Remus information stealers and XWorm. The report states identification during August 2026; that source interval is normalized to its beginning at 00:00:00Z. Public defensive IOC facts are republished with attribution.",active
1447ed0893b9095f671e2f35a2a0127890040b5459534813b0f83c3e1fffa0bf,2026-08-01T00:00:00Z,2026-10-02T16:09:02Z,2CLoader,malware_loader,Zscaler ThreatLabz,https://www.zscaler.com/mx/blogs/security-research/2cloader-new-malware-loader-delivering-vidar-and-remus,high,"Zscaler ThreatLabz's 2026-09-30 technical report directly publishes this exact SHA-256 as a 2CLoader sample and names the Win64.Loader.2CLoader detection. The loader uses anti-VM, anti-debugging, indirect system calls, encrypted payload resources, and multiple execution and persistence methods; ThreatLabz observed it delivering Vidar and Remus information stealers and XWorm. The report states identification during August 2026; that source interval is normalized to its beginning at 00:00:00Z. Public defensive IOC facts are republished with attribution.",active
c98aee75c5e199c9b5527984ce48675d665963f7cab8ce9f2e82465de6b58727,2026-09-28T00:00:00Z,2026-10-02T16:09:02Z,Platypus agent / CVE-2026-88771,c2_backdoor_agent,TENEX Threat Intelligence Team,https://tenex.ai/blog/what-tenex-observed-inside-active-exploitation-of-netscaler-zero-day/,high,"TENEX's 2026-09-30 incident report directly publishes this exact SHA-256 as an operator-built Platypus command-and-control agent recovered from infrastructure used to deliver payloads during active CVE-2026-88771 exploitation. The bootstrap fingerprints more than a dozen platforms, installs the agent under appliance-like names, and enrolls it to the attacker's mTLS tasking service. This exact build is treated as malicious deployment evidence, not a generic open-source project hash. The report identifies the current operator build collected on 2026-09-28; the date-only observation is normalized to 00:00:00Z. Public defensive IOC facts are republished with attribution.",active
89b64bd45478e53299f9c422cbba40fac3ac0712b551b85185e38203f7f984c6,2026-09-28T00:00:00Z,2026-10-02T16:09:02Z,Platypus agent / CVE-2026-88771,c2_backdoor_agent,TENEX Threat Intelligence Team,https://tenex.ai/blog/what-tenex-observed-inside-active-exploitation-of-netscaler-zero-day/,high,"TENEX's 2026-09-30 incident report directly publishes this exact SHA-256 as an operator-built Platypus command-and-control agent recovered from infrastructure used to deliver payloads during active CVE-2026-88771 exploitation. The bootstrap fingerprints more than a dozen platforms, installs the agent under appliance-like names, and enrolls it to the attacker's mTLS tasking service. This exact build is treated as malicious deployment evidence, not a generic open-source project hash. The report identifies the current operator build collected on 2026-09-28; the date-only observation is normalized to 00:00:00Z. Public defensive IOC facts are republished with attribution.",active
be5832f3993ff63a36100b2f7b89c8d385e20dd9d72876700e7ade9fb9e6d4cb,2026-09-08T00:00:00Z,2026-10-02T16:09:02Z,Platypus agent / CVE-2026-88771,c2_backdoor_agent,TENEX Threat Intelligence Team,https://tenex.ai/blog/what-tenex-observed-inside-active-exploitation-of-netscaler-zero-day/,high,"TENEX's 2026-09-30 incident report directly publishes this exact SHA-256 as an operator-built Platypus command-and-control agent recovered from infrastructure used to deliver payloads during active CVE-2026-88771 exploitation. The bootstrap fingerprints more than a dozen platforms, installs the agent under appliance-like names, and enrolls it to the attacker's mTLS tasking service. This exact build is treated as malicious deployment evidence, not a generic open-source project hash. The report identifies this as the earlier build compiled 2026-09-08; the date-only observation is normalized to 00:00:00Z. Public defensive IOC facts are republished with attribution.",active
0dcac605a3a0c37001552369a6a77003226b35ddee7710b554fcd0e6809a76d1,2026-09-28T00:00:00Z,2026-10-02T16:09:02Z,Platypus agent / CVE-2026-88771,c2_backdoor_agent,TENEX Threat Intelligence Team,https://tenex.ai/blog/what-tenex-observed-inside-active-exploitation-of-netscaler-zero-day/,high,"TENEX's 2026-09-30 incident report directly publishes this exact SHA-256 as an operator-built Platypus command-and-control agent recovered from infrastructure used to deliver payloads during active CVE-2026-88771 exploitation. The bootstrap fingerprints more than a dozen platforms, installs the agent under appliance-like names, and enrolls it to the attacker's mTLS tasking service. This exact build is treated as malicious deployment evidence, not a generic open-source project hash. The report identifies the current operator build collected on 2026-09-28; the date-only observation is normalized to 00:00:00Z. Public defensive IOC facts are republished with attribution.",active
04db3fc44c81886844ef47949d7f352953a6bf1be4866be1fb3e7e12c452e3ac,2026-09-28T00:00:00Z,2026-10-02T16:09:02Z,Platypus agent / CVE-2026-88771,c2_backdoor_agent,TENEX Threat Intelligence Team,https://tenex.ai/blog/what-tenex-observed-inside-active-exploitation-of-netscaler-zero-day/,high,"TENEX's 2026-09-30 incident report directly publishes this exact SHA-256 as an operator-built Platypus command-and-control agent recovered from infrastructure used to deliver payloads during active CVE-2026-88771 exploitation. The bootstrap fingerprints more than a dozen platforms, installs the agent under appliance-like names, and enrolls it to the attacker's mTLS tasking service. This exact build is treated as malicious deployment evidence, not a generic open-source project hash. The report identifies the current operator build collected on 2026-09-28; the date-only observation is normalized to 00:00:00Z. Public defensive IOC facts are republished with attribution.",active
2d2c2f6842982f7e1cb894ce915d39f2a9861009c7ecb1b90da803f2c3c608f4,2026-09-28T00:00:00Z,2026-10-02T16:09:02Z,Platypus agent / CVE-2026-88771,c2_backdoor_agent,TENEX Threat Intelligence Team,https://tenex.ai/blog/what-tenex-observed-inside-active-exploitation-of-netscaler-zero-day/,high,"TENEX's 2026-09-30 incident report directly publishes this exact SHA-256 as an operator-built Platypus command-and-control agent recovered from infrastructure used to deliver payloads during active CVE-2026-88771 exploitation. The bootstrap fingerprints more than a dozen platforms, installs the agent under appliance-like names, and enrolls it to the attacker's mTLS tasking service. This exact build is treated as malicious deployment evidence, not a generic open-source project hash. The report identifies the current operator build collected on 2026-09-28; the date-only observation is normalized to 00:00:00Z. Public defensive IOC facts are republished with attribution.",active
e809da86bd81463347fa7f922d3e088755a94a331889d32acb55aa8f57778a34,2026-09-30T06:00:00Z,2026-10-03T16:10:21Z,Antino / UAT-11587,malicious_stager,Cisco Talos,https://blog.talosintelligence.com/china-nexus-uat-11587-targets-government-and-policy-organizations-across-asia-with-antino-backdoor/,high,Cisco Talos published this exact SHA-256 in its 2026-09-30 UAT-11587 report and CC0 IOC repository as malicious HTA stager for a CSIS Indo-Pacific lure; exact-hash IOC dataset: https://github.com/Cisco-Talos/IOCs/blob/main/2026/09/uat-11587-targets-gov.txt. Talos documented a five-stage spear-phishing infection chain delivering the Antino Rust backdoor across about 350 endpoints in eight countries and supplied named Html/Txt/Win.Trojan.UAT-11587 ClamAV coverage. Source publication time is used because no per-sample first-seen time was published. The linked Cisco-Talos/IOCs dataset is CC0 and explicitly intended for blocklist use.,active
e6ff096a0562c0042b09d250bd60272ffcd8d72bd95c563842acf765a8dc8bcf,2026-09-30T06:00:00Z,2026-10-03T16:10:21Z,Antino / UAT-11587,malicious_stager,Cisco Talos,https://blog.talosintelligence.com/china-nexus-uat-11587-targets-government-and-policy-organizations-across-asia-with-antino-backdoor/,high,Cisco Talos published this exact SHA-256 in its 2026-09-30 UAT-11587 report and CC0 IOC repository as malicious HTA stager for a Bajo de Masinloc lure; exact-hash IOC dataset: https://github.com/Cisco-Talos/IOCs/blob/main/2026/09/uat-11587-targets-gov.txt. Talos documented a five-stage spear-phishing infection chain delivering the Antino Rust backdoor across about 350 endpoints in eight countries and supplied named Html/Txt/Win.Trojan.UAT-11587 ClamAV coverage. Source publication time is used because no per-sample first-seen time was published. The linked Cisco-Talos/IOCs dataset is CC0 and explicitly intended for blocklist use.,active
4d0fdce4c098635fe9b296c3a82c74645f9885eb5e383aa44a0fe7e50da3ca3f,2026-09-30T06:00:00Z,2026-10-03T16:10:21Z,Antino / UAT-11587,malicious_stager,Cisco Talos,https://blog.talosintelligence.com/china-nexus-uat-11587-targets-government-and-policy-organizations-across-asia-with-antino-backdoor/,high,Cisco Talos published this exact SHA-256 in its 2026-09-30 UAT-11587 report and CC0 IOC repository as malicious HTA stager for a Taiwan information-warfare workshop lure; exact-hash IOC dataset: https://github.com/Cisco-Talos/IOCs/blob/main/2026/09/uat-11587-targets-gov.txt. Talos documented a five-stage spear-phishing infection chain delivering the Antino Rust backdoor across about 350 endpoints in eight countries and supplied named Html/Txt/Win.Trojan.UAT-11587 ClamAV coverage. Source publication time is used because no per-sample first-seen time was published. The linked Cisco-Talos/IOCs dataset is CC0 and explicitly intended for blocklist use.,active
f1ef5fe4c0cdcff13cc750c867728b89719f81437bdc49041edd1ae1f3edb4e8,2026-09-30T06:00:00Z,2026-10-03T16:10:21Z,Antino / UAT-11587,malicious_stager,Cisco Talos,https://blog.talosintelligence.com/china-nexus-uat-11587-targets-government-and-policy-organizations-across-asia-with-antino-backdoor/,high,Cisco Talos published this exact SHA-256 in its 2026-09-30 UAT-11587 report and CC0 IOC repository as malicious HTA stager for a Taiwan legislative-tax lure; exact-hash IOC dataset: https://github.com/Cisco-Talos/IOCs/blob/main/2026/09/uat-11587-targets-gov.txt. Talos documented a five-stage spear-phishing infection chain delivering the Antino Rust backdoor across about 350 endpoints in eight countries and supplied named Html/Txt/Win.Trojan.UAT-11587 ClamAV coverage. Source publication time is used because no per-sample first-seen time was published. The linked Cisco-Talos/IOCs dataset is CC0 and explicitly intended for blocklist use.,active
01b5c6acb20e41799a0e96d9d1d6e1c44791883706b6285e874fcb15cc93b31a,2026-09-30T06:00:00Z,2026-10-03T16:10:21Z,Antino / UAT-11587,malicious_stager,Cisco Talos,https://blog.talosintelligence.com/china-nexus-uat-11587-targets-government-and-policy-organizations-across-asia-with-antino-backdoor/,high,Cisco Talos published this exact SHA-256 in its 2026-09-30 UAT-11587 report and CC0 IOC repository as malicious HTA stager for a Venezuela and Ukraine news lure; exact-hash IOC dataset: https://github.com/Cisco-Talos/IOCs/blob/main/2026/09/uat-11587-targets-gov.txt. Talos documented a five-stage spear-phishing infection chain delivering the Antino Rust backdoor across about 350 endpoints in eight countries and supplied named Html/Txt/Win.Trojan.UAT-11587 ClamAV coverage. Source publication time is used because no per-sample first-seen time was published. The linked Cisco-Talos/IOCs dataset is CC0 and explicitly intended for blocklist use.,active
5a35fcd4458e808ab0fa52bb2a92923b60566ee4d7aaadaac7c95cad3d839562,2026-09-30T06:00:00Z,2026-10-03T16:10:21Z,Antino / UAT-11587,malicious_stager,Cisco Talos,https://blog.talosintelligence.com/china-nexus-uat-11587-targets-government-and-policy-organizations-across-asia-with-antino-backdoor/,high,Cisco Talos published this exact SHA-256 in its 2026-09-30 UAT-11587 report and CC0 IOC repository as malicious HTA stager for a Venezuela and Ukraine news lure; exact-hash IOC dataset: https://github.com/Cisco-Talos/IOCs/blob/main/2026/09/uat-11587-targets-gov.txt. Talos documented a five-stage spear-phishing infection chain delivering the Antino Rust backdoor across about 350 endpoints in eight countries and supplied named Html/Txt/Win.Trojan.UAT-11587 ClamAV coverage. Source publication time is used because no per-sample first-seen time was published. The linked Cisco-Talos/IOCs dataset is CC0 and explicitly intended for blocklist use.,active
17b53ffa8e005f0e82491d3f9c0a4984c44da52e1668a855c11a137f627c5b4b,2026-09-30T06:00:00Z,2026-10-03T16:10:21Z,Antino / UAT-11587,malicious_stager,Cisco Talos,https://blog.talosintelligence.com/china-nexus-uat-11587-targets-government-and-policy-organizations-across-asia-with-antino-backdoor/,high,Cisco Talos published this exact SHA-256 in its 2026-09-30 UAT-11587 report and CC0 IOC repository as malicious HTA stager for an institutional disciplinary-action lure; exact-hash IOC dataset: https://github.com/Cisco-Talos/IOCs/blob/main/2026/09/uat-11587-targets-gov.txt. Talos documented a five-stage spear-phishing infection chain delivering the Antino Rust backdoor across about 350 endpoints in eight countries and supplied named Html/Txt/Win.Trojan.UAT-11587 ClamAV coverage. Source publication time is used because no per-sample first-seen time was published. The linked Cisco-Talos/IOCs dataset is CC0 and explicitly intended for blocklist use.,active
484ab497072ea09f12187b349f5b1c80754e4942408a009cccb20a2a3c8c6506,2026-09-30T06:00:00Z,2026-10-03T16:10:21Z,Antino / UAT-11587,malicious_stager,Cisco Talos,https://blog.talosintelligence.com/china-nexus-uat-11587-targets-government-and-policy-organizations-across-asia-with-antino-backdoor/,high,Cisco Talos published this exact SHA-256 in its 2026-09-30 UAT-11587 report and CC0 IOC repository as malicious WSF stager for an institutional disciplinary-action lure; exact-hash IOC dataset: https://github.com/Cisco-Talos/IOCs/blob/main/2026/09/uat-11587-targets-gov.txt. Talos documented a five-stage spear-phishing infection chain delivering the Antino Rust backdoor across about 350 endpoints in eight countries and supplied named Html/Txt/Win.Trojan.UAT-11587 ClamAV coverage. Source publication time is used because no per-sample first-seen time was published. The linked Cisco-Talos/IOCs dataset is CC0 and explicitly intended for blocklist use.,active
3a94910eb8022592ce030e6861359f7e980fc1b5a6ccd290cbb071d3e95ed02a,2026-09-30T06:00:00Z,2026-10-03T16:10:21Z,Antino / UAT-11587,malicious_stager,Cisco Talos,https://blog.talosintelligence.com/china-nexus-uat-11587-targets-government-and-policy-organizations-across-asia-with-antino-backdoor/,high,Cisco Talos published this exact SHA-256 in its 2026-09-30 UAT-11587 report and CC0 IOC repository as malicious HTA stager for a TPiE inauguration lure; exact-hash IOC dataset: https://github.com/Cisco-Talos/IOCs/blob/main/2026/09/uat-11587-targets-gov.txt. Talos documented a five-stage spear-phishing infection chain delivering the Antino Rust backdoor across about 350 endpoints in eight countries and supplied named Html/Txt/Win.Trojan.UAT-11587 ClamAV coverage. Source publication time is used because no per-sample first-seen time was published. The linked Cisco-Talos/IOCs dataset is CC0 and explicitly intended for blocklist use.,active
6a1dbbfcfe6867ac83d35012b2717084388b4a34707efd0b725466dfd0e8fa56,2026-09-30T06:00:00Z,2026-10-03T16:10:21Z,Antino / UAT-11587,malicious_stager,Cisco Talos,https://blog.talosintelligence.com/china-nexus-uat-11587-targets-government-and-policy-organizations-across-asia-with-antino-backdoor/,high,Cisco Talos published this exact SHA-256 in its 2026-09-30 UAT-11587 report and CC0 IOC repository as malicious WSF stager for a TPiE inauguration lure; exact-hash IOC dataset: https://github.com/Cisco-Talos/IOCs/blob/main/2026/09/uat-11587-targets-gov.txt. Talos documented a five-stage spear-phishing infection chain delivering the Antino Rust backdoor across about 350 endpoints in eight countries and supplied named Html/Txt/Win.Trojan.UAT-11587 ClamAV coverage. Source publication time is used because no per-sample first-seen time was published. The linked Cisco-Talos/IOCs dataset is CC0 and explicitly intended for blocklist use.,active
75c12795016ae48b1bddd34a9f5adea63a12f58701eae01e1b4ab3d9dfa1513c,2026-09-30T06:00:00Z,2026-10-03T16:10:21Z,Antino / UAT-11587,malicious_stager,Cisco Talos,https://blog.talosintelligence.com/china-nexus-uat-11587-targets-government-and-policy-organizations-across-asia-with-antino-backdoor/,high,Cisco Talos published this exact SHA-256 in its 2026-09-30 UAT-11587 report and CC0 IOC repository as malicious HTA stager for a Tehran bilateral-summit lure; exact-hash IOC dataset: https://github.com/Cisco-Talos/IOCs/blob/main/2026/09/uat-11587-targets-gov.txt. Talos documented a five-stage spear-phishing infection chain delivering the Antino Rust backdoor across about 350 endpoints in eight countries and supplied named Html/Txt/Win.Trojan.UAT-11587 ClamAV coverage. Source publication time is used because no per-sample first-seen time was published. The linked Cisco-Talos/IOCs dataset is CC0 and explicitly intended for blocklist use.,active
bd8ddc8f33e0fe43147ee6f1713654996420a27c5d2cd91751ad67124ebc6fe4,2026-09-30T06:00:00Z,2026-10-03T16:10:21Z,Antino / UAT-11587,malicious_stager,Cisco Talos,https://blog.talosintelligence.com/china-nexus-uat-11587-targets-government-and-policy-organizations-across-asia-with-antino-backdoor/,high,Cisco Talos published this exact SHA-256 in its 2026-09-30 UAT-11587 report and CC0 IOC repository as malicious WSF stager for a Tehran bilateral-summit lure; exact-hash IOC dataset: https://github.com/Cisco-Talos/IOCs/blob/main/2026/09/uat-11587-targets-gov.txt. Talos documented a five-stage spear-phishing infection chain delivering the Antino Rust backdoor across about 350 endpoints in eight countries and supplied named Html/Txt/Win.Trojan.UAT-11587 ClamAV coverage. Source publication time is used because no per-sample first-seen time was published. The linked Cisco-Talos/IOCs dataset is CC0 and explicitly intended for blocklist use.,active
b75492466462141c56d97b705f0c606faf272577631dc2822aa8d6bda53633b6,2026-09-30T06:00:00Z,2026-10-03T16:10:21Z,Antino / UAT-11587,malicious_stager,Cisco Talos,https://blog.talosintelligence.com/china-nexus-uat-11587-targets-government-and-policy-organizations-across-asia-with-antino-backdoor/,high,Cisco Talos published this exact SHA-256 in its 2026-09-30 UAT-11587 report and CC0 IOC repository as malicious HTA stager for a cross-border repression seminar lure; exact-hash IOC dataset: https://github.com/Cisco-Talos/IOCs/blob/main/2026/09/uat-11587-targets-gov.txt. Talos documented a five-stage spear-phishing infection chain delivering the Antino Rust backdoor across about 350 endpoints in eight countries and supplied named Html/Txt/Win.Trojan.UAT-11587 ClamAV coverage. Source publication time is used because no per-sample first-seen time was published. The linked Cisco-Talos/IOCs dataset is CC0 and explicitly intended for blocklist use.,active
23d5f1af8581ae200615d9a66d539f2043c3248b649e862557b379d7e8b7a3ac,2026-09-30T06:00:00Z,2026-10-03T16:10:21Z,Antino / UAT-11587,malicious_stager,Cisco Talos,https://blog.talosintelligence.com/china-nexus-uat-11587-targets-government-and-policy-organizations-across-asia-with-antino-backdoor/,high,Cisco Talos published this exact SHA-256 in its 2026-09-30 UAT-11587 report and CC0 IOC repository as malicious WSF stager for a cross-border repression seminar lure; exact-hash IOC dataset: https://github.com/Cisco-Talos/IOCs/blob/main/2026/09/uat-11587-targets-gov.txt. Talos documented a five-stage spear-phishing infection chain delivering the Antino Rust backdoor across about 350 endpoints in eight countries and supplied named Html/Txt/Win.Trojan.UAT-11587 ClamAV coverage. Source publication time is used because no per-sample first-seen time was published. The linked Cisco-Talos/IOCs dataset is CC0 and explicitly intended for blocklist use.,active
0b4e5e017c0f0ccac79e13ca5d580a75af67a24ca0763f9ebfdaaeb1ba4fc739,2026-09-30T06:00:00Z,2026-10-03T16:10:21Z,Antino / UAT-11587,malicious_stager,Cisco Talos,https://blog.talosintelligence.com/china-nexus-uat-11587-targets-government-and-policy-organizations-across-asia-with-antino-backdoor/,high,Cisco Talos published this exact SHA-256 in its 2026-09-30 UAT-11587 report and CC0 IOC repository as malicious HTA stager for a Latin carnival lure; exact-hash IOC dataset: https://github.com/Cisco-Talos/IOCs/blob/main/2026/09/uat-11587-targets-gov.txt. Talos documented a five-stage spear-phishing infection chain delivering the Antino Rust backdoor across about 350 endpoints in eight countries and supplied named Html/Txt/Win.Trojan.UAT-11587 ClamAV coverage. Source publication time is used because no per-sample first-seen time was published. The linked Cisco-Talos/IOCs dataset is CC0 and explicitly intended for blocklist use.,active
ae1b45fb56b9f1b9cb3ee30d2bb1279c9b90b70bb62f8de305d198c6a4e0585e,2026-09-30T06:00:00Z,2026-10-03T16:10:21Z,Antino / UAT-11587,malicious_stager,Cisco Talos,https://blog.talosintelligence.com/china-nexus-uat-11587-targets-government-and-policy-organizations-across-asia-with-antino-backdoor/,high,Cisco Talos published this exact SHA-256 in its 2026-09-30 UAT-11587 report and CC0 IOC repository as malicious WSF stager for a Latin carnival lure; exact-hash IOC dataset: https://github.com/Cisco-Talos/IOCs/blob/main/2026/09/uat-11587-targets-gov.txt. Talos documented a five-stage spear-phishing infection chain delivering the Antino Rust backdoor across about 350 endpoints in eight countries and supplied named Html/Txt/Win.Trojan.UAT-11587 ClamAV coverage. Source publication time is used because no per-sample first-seen time was published. The linked Cisco-Talos/IOCs dataset is CC0 and explicitly intended for blocklist use.,active
cd3509fa82e506cc6f2eeafa0a45d4b8b76a07edadd29779daf00568febcaba7,2026-09-30T06:00:00Z,2026-10-03T16:10:21Z,Antino / UAT-11587,malicious_stager,Cisco Talos,https://blog.talosintelligence.com/china-nexus-uat-11587-targets-government-and-policy-organizations-across-asia-with-antino-backdoor/,high,Cisco Talos published this exact SHA-256 in its 2026-09-30 UAT-11587 report and CC0 IOC repository as malicious HTA stager for a C-DAC lure; exact-hash IOC dataset: https://github.com/Cisco-Talos/IOCs/blob/main/2026/09/uat-11587-targets-gov.txt. Talos documented a five-stage spear-phishing infection chain delivering the Antino Rust backdoor across about 350 endpoints in eight countries and supplied named Html/Txt/Win.Trojan.UAT-11587 ClamAV coverage. Source publication time is used because no per-sample first-seen time was published. The linked Cisco-Talos/IOCs dataset is CC0 and explicitly intended for blocklist use.,active
b8e6e83a73e6e07f8873c364dd2a4b830bceb60758163e2efcd7e387cb604655,2026-09-30T06:00:00Z,2026-10-03T16:10:21Z,Antino / UAT-11587,malicious_stager,Cisco Talos,https://blog.talosintelligence.com/china-nexus-uat-11587-targets-government-and-policy-organizations-across-asia-with-antino-backdoor/,high,Cisco Talos published this exact SHA-256 in its 2026-09-30 UAT-11587 report and CC0 IOC repository as malicious WSF stager for a C-DAC lure; exact-hash IOC dataset: https://github.com/Cisco-Talos/IOCs/blob/main/2026/09/uat-11587-targets-gov.txt. Talos documented a five-stage spear-phishing infection chain delivering the Antino Rust backdoor across about 350 endpoints in eight countries and supplied named Html/Txt/Win.Trojan.UAT-11587 ClamAV coverage. Source publication time is used because no per-sample first-seen time was published. The linked Cisco-Talos/IOCs dataset is CC0 and explicitly intended for blocklist use.,active
7969ae5f11fc163049c8eadba06f814f5edece13a707e6087c1c49011a45b838,2026-09-30T06:00:00Z,2026-10-03T16:10:21Z,Antino / UAT-11587,malicious_stager,Cisco Talos,https://blog.talosintelligence.com/china-nexus-uat-11587-targets-government-and-policy-organizations-across-asia-with-antino-backdoor/,high,Cisco Talos published this exact SHA-256 in its 2026-09-30 UAT-11587 report and CC0 IOC repository as malicious HTA stager for a Latin carnival lure variant; exact-hash IOC dataset: https://github.com/Cisco-Talos/IOCs/blob/main/2026/09/uat-11587-targets-gov.txt. Talos documented a five-stage spear-phishing infection chain delivering the Antino Rust backdoor across about 350 endpoints in eight countries and supplied named Html/Txt/Win.Trojan.UAT-11587 ClamAV coverage. Source publication time is used because no per-sample first-seen time was published. The linked Cisco-Talos/IOCs dataset is CC0 and explicitly intended for blocklist use.,active
aea5e9029f9212d05bde10f7806d1f2819be45d167e6fd877b9fb1b11088ac90,2026-09-30T06:00:00Z,2026-10-03T16:10:21Z,Antino / UAT-11587,malicious_stager,Cisco Talos,https://blog.talosintelligence.com/china-nexus-uat-11587-targets-government-and-policy-organizations-across-asia-with-antino-backdoor/,high,Cisco Talos published this exact SHA-256 in its 2026-09-30 UAT-11587 report and CC0 IOC repository as malicious WSF stager for a Latin carnival lure variant; exact-hash IOC dataset: https://github.com/Cisco-Talos/IOCs/blob/main/2026/09/uat-11587-targets-gov.txt. Talos documented a five-stage spear-phishing infection chain delivering the Antino Rust backdoor across about 350 endpoints in eight countries and supplied named Html/Txt/Win.Trojan.UAT-11587 ClamAV coverage. Source publication time is used because no per-sample first-seen time was published. The linked Cisco-Talos/IOCs dataset is CC0 and explicitly intended for blocklist use.,active
61a8f5add6c35f99c389012dbb2343061fd0b54611b40490b9a7f0b49d707da0,2026-09-30T06:00:00Z,2026-10-03T16:10:21Z,Antino / UAT-11587,malware_downloader,Cisco Talos,https://blog.talosintelligence.com/china-nexus-uat-11587-targets-government-and-policy-organizations-across-asia-with-antino-backdoor/,high,Cisco Talos published this exact SHA-256 in its 2026-09-30 UAT-11587 report and CC0 IOC repository as Antino-chain Stage 2 JScript downloader and decryptor; exact-hash IOC dataset: https://github.com/Cisco-Talos/IOCs/blob/main/2026/09/uat-11587-targets-gov.txt. Talos documented a five-stage spear-phishing infection chain delivering the Antino Rust backdoor across about 350 endpoints in eight countries and supplied named Html/Txt/Win.Trojan.UAT-11587 ClamAV coverage. Source publication time is used because no per-sample first-seen time was published. The linked Cisco-Talos/IOCs dataset is CC0 and explicitly intended for blocklist use.,active
747b1d13bdf06956b5da5f47250fefd5284ebcf7961971732c3d348aa1a2d533,2026-09-30T06:00:00Z,2026-10-03T16:10:21Z,Antino / UAT-11587,malware_downloader,Cisco Talos,https://blog.talosintelligence.com/china-nexus-uat-11587-targets-government-and-policy-organizations-across-asia-with-antino-backdoor/,high,Cisco Talos published this exact SHA-256 in its 2026-09-30 UAT-11587 report and CC0 IOC repository as Antino-chain Stage 2 JScript downloader and decryptor; exact-hash IOC dataset: https://github.com/Cisco-Talos/IOCs/blob/main/2026/09/uat-11587-targets-gov.txt. Talos documented a five-stage spear-phishing infection chain delivering the Antino Rust backdoor across about 350 endpoints in eight countries and supplied named Html/Txt/Win.Trojan.UAT-11587 ClamAV coverage. Source publication time is used because no per-sample first-seen time was published. The linked Cisco-Talos/IOCs dataset is CC0 and explicitly intended for blocklist use.,active
a13182699a12a8dd9d07c336dbd8de5e9b086b9b09793b7de2e9761aa03ce1dc,2026-09-30T06:00:00Z,2026-10-03T16:10:21Z,Antino / UAT-11587,malware_downloader,Cisco Talos,https://blog.talosintelligence.com/china-nexus-uat-11587-targets-government-and-policy-organizations-across-asia-with-antino-backdoor/,high,Cisco Talos published this exact SHA-256 in its 2026-09-30 UAT-11587 report and CC0 IOC repository as Antino-chain Stage 2 JScript downloader and decryptor; exact-hash IOC dataset: https://github.com/Cisco-Talos/IOCs/blob/main/2026/09/uat-11587-targets-gov.txt. Talos documented a five-stage spear-phishing infection chain delivering the Antino Rust backdoor across about 350 endpoints in eight countries and supplied named Html/Txt/Win.Trojan.UAT-11587 ClamAV coverage. Source publication time is used because no per-sample first-seen time was published. The linked Cisco-Talos/IOCs dataset is CC0 and explicitly intended for blocklist use.,active
2f1513c822af0c6635dd3c69dc38f0b2f6e02012ea36415fff111a5d4d5fae05,2026-09-30T06:00:00Z,2026-10-03T16:10:21Z,Antino / UAT-11587,malware_downloader,Cisco Talos,https://blog.talosintelligence.com/china-nexus-uat-11587-targets-government-and-policy-organizations-across-asia-with-antino-backdoor/,high,Cisco Talos published this exact SHA-256 in its 2026-09-30 UAT-11587 report and CC0 IOC repository as Antino-chain Stage 2 JScript downloader and decryptor; exact-hash IOC dataset: https://github.com/Cisco-Talos/IOCs/blob/main/2026/09/uat-11587-targets-gov.txt. Talos documented a five-stage spear-phishing infection chain delivering the Antino Rust backdoor across about 350 endpoints in eight countries and supplied named Html/Txt/Win.Trojan.UAT-11587 ClamAV coverage. Source publication time is used because no per-sample first-seen time was published. The linked Cisco-Talos/IOCs dataset is CC0 and explicitly intended for blocklist use.,active
a0e91085f08956a9a7034ace73cee60cb211f5d96f02bc91a026601bde8f2221,2026-09-30T06:00:00Z,2026-10-03T16:10:21Z,Antino / UAT-11587,malware_downloader,Cisco Talos,https://blog.talosintelligence.com/china-nexus-uat-11587-targets-government-and-policy-organizations-across-asia-with-antino-backdoor/,high,Cisco Talos published this exact SHA-256 in its 2026-09-30 UAT-11587 report and CC0 IOC repository as Antino-chain Stage 2 JScript downloader and decryptor in the HTA branch; exact-hash IOC dataset: https://github.com/Cisco-Talos/IOCs/blob/main/2026/09/uat-11587-targets-gov.txt. Talos documented a five-stage spear-phishing infection chain delivering the Antino Rust backdoor across about 350 endpoints in eight countries and supplied named Html/Txt/Win.Trojan.UAT-11587 ClamAV coverage. Source publication time is used because no per-sample first-seen time was published. The linked Cisco-Talos/IOCs dataset is CC0 and explicitly intended for blocklist use.,active
47f98dfe01759a464e22d5ec55d012dccb38ce010dd73e3ba8d7ffefca12b4b2,2026-09-30T06:00:00Z,2026-10-03T16:10:21Z,Antino / UAT-11587,malware_downloader,Cisco Talos,https://blog.talosintelligence.com/china-nexus-uat-11587-targets-government-and-policy-organizations-across-asia-with-antino-backdoor/,high,Cisco Talos published this exact SHA-256 in its 2026-09-30 UAT-11587 report and CC0 IOC repository as Antino-chain Stage 2 JScript downloader and decryptor in the WSF branch; exact-hash IOC dataset: https://github.com/Cisco-Talos/IOCs/blob/main/2026/09/uat-11587-targets-gov.txt. Talos documented a five-stage spear-phishing infection chain delivering the Antino Rust backdoor across about 350 endpoints in eight countries and supplied named Html/Txt/Win.Trojan.UAT-11587 ClamAV coverage. Source publication time is used because no per-sample first-seen time was published. The linked Cisco-Talos/IOCs dataset is CC0 and explicitly intended for blocklist use.,active
b3416726a064dd7f657bbb400adeb365eea7f8bb60783ad2d9da1a1d93768731,2026-09-30T06:00:00Z,2026-10-03T16:10:21Z,Antino / UAT-11587,malware_downloader,Cisco Talos,https://blog.talosintelligence.com/china-nexus-uat-11587-targets-government-and-policy-organizations-across-asia-with-antino-backdoor/,high,Cisco Talos published this exact SHA-256 in its 2026-09-30 UAT-11587 report and CC0 IOC repository as Antino-chain Stage 2 JScript downloader and decryptor in the HTA branch; exact-hash IOC dataset: https://github.com/Cisco-Talos/IOCs/blob/main/2026/09/uat-11587-targets-gov.txt. Talos documented a five-stage spear-phishing infection chain delivering the Antino Rust backdoor across about 350 endpoints in eight countries and supplied named Html/Txt/Win.Trojan.UAT-11587 ClamAV coverage. Source publication time is used because no per-sample first-seen time was published. The linked Cisco-Talos/IOCs dataset is CC0 and explicitly intended for blocklist use.,active
0a6fb71ab1362d065c7ec2678c1e73d9a0721b0e7099d392ba7559bb2eec4970,2026-09-30T06:00:00Z,2026-10-03T16:10:21Z,Antino / UAT-11587,malware_downloader,Cisco Talos,https://blog.talosintelligence.com/china-nexus-uat-11587-targets-government-and-policy-organizations-across-asia-with-antino-backdoor/,high,Cisco Talos published this exact SHA-256 in its 2026-09-30 UAT-11587 report and CC0 IOC repository as Antino-chain Stage 2 JScript downloader and decryptor in the WSF branch; exact-hash IOC dataset: https://github.com/Cisco-Talos/IOCs/blob/main/2026/09/uat-11587-targets-gov.txt. Talos documented a five-stage spear-phishing infection chain delivering the Antino Rust backdoor across about 350 endpoints in eight countries and supplied named Html/Txt/Win.Trojan.UAT-11587 ClamAV coverage. Source publication time is used because no per-sample first-seen time was published. The linked Cisco-Talos/IOCs dataset is CC0 and explicitly intended for blocklist use.,active
d753a615aedf8e58ffc75b2b7ebd320c0cbe6bcb5cbb885db749a2a85c55d3bf,2026-09-30T06:00:00Z,2026-10-03T16:10:21Z,Antino / UAT-11587,malware_downloader,Cisco Talos,https://blog.talosintelligence.com/china-nexus-uat-11587-targets-government-and-policy-organizations-across-asia-with-antino-backdoor/,high,Cisco Talos published this exact SHA-256 in its 2026-09-30 UAT-11587 report and CC0 IOC repository as Antino-chain TestAssembly.dll downloader; exact-hash IOC dataset: https://github.com/Cisco-Talos/IOCs/blob/main/2026/09/uat-11587-targets-gov.txt. Talos documented a five-stage spear-phishing infection chain delivering the Antino Rust backdoor across about 350 endpoints in eight countries and supplied named Html/Txt/Win.Trojan.UAT-11587 ClamAV coverage. Source publication time is used because no per-sample first-seen time was published. The linked Cisco-Talos/IOCs dataset is CC0 and explicitly intended for blocklist use.,active
133a46ba41136ca21c93fb08c28446826d8c0d9b7923a16f2d152d595a710098,2026-09-30T06:00:00Z,2026-10-03T16:10:21Z,Antino / UAT-11587,malware_downloader,Cisco Talos,https://blog.talosintelligence.com/china-nexus-uat-11587-targets-government-and-policy-organizations-across-asia-with-antino-backdoor/,high,Cisco Talos published this exact SHA-256 in its 2026-09-30 UAT-11587 report and CC0 IOC repository as Antino-chain TestAssembly.dll downloader; exact-hash IOC dataset: https://github.com/Cisco-Talos/IOCs/blob/main/2026/09/uat-11587-targets-gov.txt. Talos documented a five-stage spear-phishing infection chain delivering the Antino Rust backdoor across about 350 endpoints in eight countries and supplied named Html/Txt/Win.Trojan.UAT-11587 ClamAV coverage. Source publication time is used because no per-sample first-seen time was published. The linked Cisco-Talos/IOCs dataset is CC0 and explicitly intended for blocklist use.,active
9fc50cf28f86201fda8306926817b1ede41fdd993202515905dd072f6803542f,2026-09-30T06:00:00Z,2026-10-03T16:10:21Z,Antino / UAT-11587,malware_downloader,Cisco Talos,https://blog.talosintelligence.com/china-nexus-uat-11587-targets-government-and-policy-organizations-across-asia-with-antino-backdoor/,high,Cisco Talos published this exact SHA-256 in its 2026-09-30 UAT-11587 report and CC0 IOC repository as Antino-chain TestAssembly.dll downloader; exact-hash IOC dataset: https://github.com/Cisco-Talos/IOCs/blob/main/2026/09/uat-11587-targets-gov.txt. Talos documented a five-stage spear-phishing infection chain delivering the Antino Rust backdoor across about 350 endpoints in eight countries and supplied named Html/Txt/Win.Trojan.UAT-11587 ClamAV coverage. Source publication time is used because no per-sample first-seen time was published. The linked Cisco-Talos/IOCs dataset is CC0 and explicitly intended for blocklist use.,active
d4cb2f5df16ec9b9c5b796ae55848534e15d4f8b8806f0431108fc7a99a2548a,2026-09-30T06:00:00Z,2026-10-03T16:10:21Z,Antino / UAT-11587,malware_downloader,Cisco Talos,https://blog.talosintelligence.com/china-nexus-uat-11587-targets-government-and-policy-organizations-across-asia-with-antino-backdoor/,high,Cisco Talos published this exact SHA-256 in its 2026-09-30 UAT-11587 report and CC0 IOC repository as Antino-chain TestAssembly.dll downloader; exact-hash IOC dataset: https://github.com/Cisco-Talos/IOCs/blob/main/2026/09/uat-11587-targets-gov.txt. Talos documented a five-stage spear-phishing infection chain delivering the Antino Rust backdoor across about 350 endpoints in eight countries and supplied named Html/Txt/Win.Trojan.UAT-11587 ClamAV coverage. Source publication time is used because no per-sample first-seen time was published. The linked Cisco-Talos/IOCs dataset is CC0 and explicitly intended for blocklist use.,active
131ac3e0df777910e0a32e43d5744bccb0490750d4c2adc359da41d76d383c46,2026-09-30T06:00:00Z,2026-10-03T16:10:21Z,Antino / UAT-11587,malware_downloader,Cisco Talos,https://blog.talosintelligence.com/china-nexus-uat-11587-targets-government-and-policy-organizations-across-asia-with-antino-backdoor/,high,Cisco Talos published this exact SHA-256 in its 2026-09-30 UAT-11587 report and CC0 IOC repository as Antino-chain TestAssembly.dll downloader; exact-hash IOC dataset: https://github.com/Cisco-Talos/IOCs/blob/main/2026/09/uat-11587-targets-gov.txt. Talos documented a five-stage spear-phishing infection chain delivering the Antino Rust backdoor across about 350 endpoints in eight countries and supplied named Html/Txt/Win.Trojan.UAT-11587 ClamAV coverage. Source publication time is used because no per-sample first-seen time was published. The linked Cisco-Talos/IOCs dataset is CC0 and explicitly intended for blocklist use.,active
09ef7c736bccfafefc44d9910d499173b88063b73b221fc0dc9e9105107e5cff,2026-09-30T06:00:00Z,2026-10-03T16:10:21Z,Antino / UAT-11587,backdoor,Cisco Talos,https://blog.talosintelligence.com/china-nexus-uat-11587-targets-government-and-policy-organizations-across-asia-with-antino-backdoor/,high,Cisco Talos published this exact SHA-256 in its 2026-09-30 UAT-11587 report and CC0 IOC repository as Antino Gen 2 slc.dll backdoor; exact-hash IOC dataset: https://github.com/Cisco-Talos/IOCs/blob/main/2026/09/uat-11587-targets-gov.txt. Talos documented a five-stage spear-phishing infection chain delivering the Antino Rust backdoor across about 350 endpoints in eight countries and supplied named Html/Txt/Win.Trojan.UAT-11587 ClamAV coverage. Source publication time is used because no per-sample first-seen time was published. The linked Cisco-Talos/IOCs dataset is CC0 and explicitly intended for blocklist use.,active
0c39264337a1186b2e765e24073399cbdcba118306614eb411e315887af578bd,2026-09-30T06:00:00Z,2026-10-03T16:10:21Z,Antino / UAT-11587,backdoor,Cisco Talos,https://blog.talosintelligence.com/china-nexus-uat-11587-targets-government-and-policy-organizations-across-asia-with-antino-backdoor/,high,Cisco Talos published this exact SHA-256 in its 2026-09-30 UAT-11587 report and CC0 IOC repository as Antino Gen 2 standalone fake-installer backdoor; exact-hash IOC dataset: https://github.com/Cisco-Talos/IOCs/blob/main/2026/09/uat-11587-targets-gov.txt. Talos documented a five-stage spear-phishing infection chain delivering the Antino Rust backdoor across about 350 endpoints in eight countries and supplied named Html/Txt/Win.Trojan.UAT-11587 ClamAV coverage. Source publication time is used because no per-sample first-seen time was published. The linked Cisco-Talos/IOCs dataset is CC0 and explicitly intended for blocklist use.,active
1fadc90b61ce536abda78eb387a7f3d745f00c16775d3f762845ccc0fde567da,2026-09-30T06:00:00Z,2026-10-03T16:10:21Z,Antino / UAT-11587,backdoor,Cisco Talos,https://blog.talosintelligence.com/china-nexus-uat-11587-targets-government-and-policy-organizations-across-asia-with-antino-backdoor/,high,Cisco Talos published this exact SHA-256 in its 2026-09-30 UAT-11587 report and CC0 IOC repository as Antino Gen 1 slc.dll backdoor; exact-hash IOC dataset: https://github.com/Cisco-Talos/IOCs/blob/main/2026/09/uat-11587-targets-gov.txt. Talos documented a five-stage spear-phishing infection chain delivering the Antino Rust backdoor across about 350 endpoints in eight countries and supplied named Html/Txt/Win.Trojan.UAT-11587 ClamAV coverage. Source publication time is used because no per-sample first-seen time was published. The linked Cisco-Talos/IOCs dataset is CC0 and explicitly intended for blocklist use.,active
40e7e77aff603f4c2ef17b3bc8ea836e714d0734a1e5b946e52f95536ec5c91d,2026-09-30T06:00:00Z,2026-10-03T16:10:21Z,Antino / UAT-11587,backdoor,Cisco Talos,https://blog.talosintelligence.com/china-nexus-uat-11587-targets-government-and-policy-organizations-across-asia-with-antino-backdoor/,high,Cisco Talos published this exact SHA-256 in its 2026-09-30 UAT-11587 report and CC0 IOC repository as configured Antino Gen 1 standalone backdoor; exact-hash IOC dataset: https://github.com/Cisco-Talos/IOCs/blob/main/2026/09/uat-11587-targets-gov.txt. Talos documented a five-stage spear-phishing infection chain delivering the Antino Rust backdoor across about 350 endpoints in eight countries and supplied named Html/Txt/Win.Trojan.UAT-11587 ClamAV coverage. Source publication time is used because no per-sample first-seen time was published. The linked Cisco-Talos/IOCs dataset is CC0 and explicitly intended for blocklist use.,active
5c5c060b272cd4a5c3767edc0e9478bd35b7e1756e183d0446a5491bd65519cb,2026-09-30T06:00:00Z,2026-10-03T16:10:21Z,Antino / UAT-11587,backdoor,Cisco Talos,https://blog.talosintelligence.com/china-nexus-uat-11587-targets-government-and-policy-organizations-across-asia-with-antino-backdoor/,high,Cisco Talos published this exact SHA-256 in its 2026-09-30 UAT-11587 report and CC0 IOC repository as configured Antino standalone backdoor; exact-hash IOC dataset: https://github.com/Cisco-Talos/IOCs/blob/main/2026/09/uat-11587-targets-gov.txt. Talos documented a five-stage spear-phishing infection chain delivering the Antino Rust backdoor across about 350 endpoints in eight countries and supplied named Html/Txt/Win.Trojan.UAT-11587 ClamAV coverage. Source publication time is used because no per-sample first-seen time was published. The linked Cisco-Talos/IOCs dataset is CC0 and explicitly intended for blocklist use.,active
971cb2448b5d67dcc1f5eaa10d12e77f213035ad31230dc2ac7a510610a2059d,2026-09-30T06:00:00Z,2026-10-03T16:10:21Z,Antino / UAT-11587,backdoor,Cisco Talos,https://blog.talosintelligence.com/china-nexus-uat-11587-targets-government-and-policy-organizations-across-asia-with-antino-backdoor/,high,Cisco Talos published this exact SHA-256 in its 2026-09-30 UAT-11587 report and CC0 IOC repository as Antino Gen 2 standalone fake-installer backdoor; exact-hash IOC dataset: https://github.com/Cisco-Talos/IOCs/blob/main/2026/09/uat-11587-targets-gov.txt. Talos documented a five-stage spear-phishing infection chain delivering the Antino Rust backdoor across about 350 endpoints in eight countries and supplied named Html/Txt/Win.Trojan.UAT-11587 ClamAV coverage. Source publication time is used because no per-sample first-seen time was published. The linked Cisco-Talos/IOCs dataset is CC0 and explicitly intended for blocklist use.,active
9b7df409c9a89f7536d3ba7b6d43fb6dbac618c8bb52615ba34cc971ad71bbf3,2026-09-30T06:00:00Z,2026-10-03T16:10:21Z,Antino / UAT-11587,backdoor,Cisco Talos,https://blog.talosintelligence.com/china-nexus-uat-11587-targets-government-and-policy-organizations-across-asia-with-antino-backdoor/,high,Cisco Talos published this exact SHA-256 in its 2026-09-30 UAT-11587 report and CC0 IOC repository as Antino Gen 2 standalone fake-installer backdoor; exact-hash IOC dataset: https://github.com/Cisco-Talos/IOCs/blob/main/2026/09/uat-11587-targets-gov.txt. Talos documented a five-stage spear-phishing infection chain delivering the Antino Rust backdoor across about 350 endpoints in eight countries and supplied named Html/Txt/Win.Trojan.UAT-11587 ClamAV coverage. Source publication time is used because no per-sample first-seen time was published. The linked Cisco-Talos/IOCs dataset is CC0 and explicitly intended for blocklist use.,active
